account_id,company_name,industry,rep_id
ACC-0001,Company 1 LLC,Tech,CSM-010
ACC-0002,Company 2 LLC,Tech,CSM-048
ACC-0003,Company 3 LLC,Finance,CSM-006
ACC-0004,Company 4 LLC,Tech,CSM-018
ACC-0005,Company 5 LLC,Healthcare,CSM-050
ACC-0006,Company 6 LLC,Tech,CSM-016
ACC-0007,Company 7 LLC,Healthcare,CSM-009
ACC-0008,Company 8 LLC,Manufacturing,CSM-025
ACC-0009,Company 9 LLC,Retail,CSM-021
ACC-0010,Company 10 LLC,Retail,CSM-033
ACC-0011,Company 11 LLC,Finance,CSM-048
ACC-0012,Company 12 LLC,Finance,CSM-022
ACC-0013,Company 13 LLC,Finance,CSM-033
ACC-0014,Company 14 LLC,Retail,CSM-003
ACC-0015,Company 15 LLC,Finance,CSM-048
ACC-0016,Company 16 LLC,Finance,CSM-010
ACC-0017,Company 17 LLC,Manufacturing,CSM-003
ACC-0018,Company 18 LLC,Manufacturing,CSM-013
ACC-0019,Company 19 LLC,Retail,CSM-046
ACC-0020,Company 20 LLC,Retail,CSM-023
ACC-0021,Company 21 LLC,Manufacturing,CSM-034
ACC-0022,Company 22 LLC,Tech,CSM-050
ACC-0023,Company 23 LLC,Tech,CSM-037
ACC-0024,Company 24 LLC,Finance,CSM-021
ACC-0025,Company 25 LLC,Manufacturing,CSM-008
ACC-0026,Company 26 LLC,Manufacturing,CSM-029
ACC-0027,Company 27 LLC,Tech,CSM-043
ACC-0028,Company 28 LLC,Tech,CSM-036
ACC-0029,Company 29 LLC,Healthcare,CSM-008
ACC-0030,Company 30 LLC,Manufacturing,CSM-012
ACC-0031,Company 31 LLC,Healthcare,CSM-050
ACC-0032,Company 32 LLC,Retail,CSM-043
ACC-0033,Company 33 LLC,Tech,CSM-047
ACC-0034,Company 34 LLC,Tech,CSM-033
ACC-0035,Company 35 LLC,Retail,CSM-008
ACC-0036,Company 36 LLC,Healthcare,CSM-008
ACC-0037,Company 37 LLC,Manufacturing,CSM-026
ACC-0038,Company 38 LLC,Healthcare,CSM-026
ACC-0039,Company 39 LLC,Finance,CSM-007
ACC-0040,Company 40 LLC,Manufacturing,CSM-015
ACC-0041,Company 41 LLC,Healthcare,CSM-031
ACC-0042,Company 42 LLC,Retail,CSM-016
ACC-0043,Company 43 LLC,Finance,CSM-029
ACC-0044,Company 44 LLC,Healthcare,CSM-023
ACC-0045,Company 45 LLC,Retail,CSM-024
ACC-0046,Company 46 LLC,Retail,CSM-023
ACC-0047,Company 47 LLC,Finance,CSM-031
ACC-0048,Company 48 LLC,Tech,CSM-046
ACC-0049,Company 49 LLC,Finance,CSM-030
ACC-0050,Company 50 LLC,Healthcare,CSM-022
ACC-0051,Company 51 LLC,Retail,CSM-040
ACC-0052,Company 52 LLC,Manufacturing,CSM-022
ACC-0053,Company 53 LLC,Tech,CSM-017
ACC-0054,Company 54 LLC,Manufacturing,CSM-022
ACC-0055,Company 55 LLC,Finance,CSM-007
ACC-0056,Company 56 LLC,Manufacturing,CSM-010
ACC-0057,Company 57 LLC,Tech,CSM-038
ACC-0058,Company 58 LLC,Tech,CSM-049
ACC-0059,Company 59 LLC,Tech,CSM-027
ACC-0060,Company 60 LLC,Tech,CSM-019
ACC-0061,Company 61 LLC,Finance,CSM-045
ACC-0062,Company 62 LLC,Manufacturing,CSM-004
ACC-0063,Company 63 LLC,Healthcare,CSM-036
ACC-0064,Company 64 LLC,Finance,CSM-036
ACC-0065,Company 65 LLC,Healthcare,CSM-011
ACC-0066,Company 66 LLC,Healthcare,CSM-038
ACC-0067,Company 67 LLC,Tech,CSM-016
ACC-0068,Company 68 LLC,Tech,CSM-014
ACC-0069,Company 69 LLC,Healthcare,CSM-049
ACC-0070,Company 70 LLC,Manufacturing,CSM-028
ACC-0071,Company 71 LLC,Healthcare,CSM-031
ACC-0072,Company 72 LLC,Retail,CSM-024
ACC-0073,Company 73 LLC,Healthcare,CSM-019
ACC-0074,Company 74 LLC,Finance,CSM-040
ACC-0075,Company 75 LLC,Manufacturing,CSM-033
ACC-0076,Company 76 LLC,Healthcare,CSM-022
ACC-0077,Company 77 LLC,Finance,CSM-023
ACC-0078,Company 78 LLC,Tech,CSM-036
ACC-0079,Company 79 LLC,Retail,CSM-026
ACC-0080,Company 80 LLC,Tech,CSM-038
ACC-0081,Company 81 LLC,Tech,CSM-006
ACC-0082,Company 82 LLC,Healthcare,CSM-015
ACC-0083,Company 83 LLC,Tech,CSM-031
ACC-0084,Company 84 LLC,Manufacturing,CSM-017
ACC-0085,Company 85 LLC,Tech,CSM-011
ACC-0086,Company 86 LLC,Tech,CSM-028
ACC-0087,Company 87 LLC,Retail,CSM-041
ACC-0088,Company 88 LLC,Retail,CSM-029
ACC-0089,Company 89 LLC,Healthcare,CSM-044
ACC-0090,Company 90 LLC,Retail,CSM-015
ACC-0091,Company 91 LLC,Manufacturing,CSM-034
ACC-0092,Company 92 LLC,Healthcare,CSM-025
ACC-0093,Company 93 LLC,Finance,CSM-018
ACC-0094,Company 94 LLC,Tech,CSM-005
ACC-0095,Company 95 LLC,Healthcare,CSM-009
ACC-0096,Company 96 LLC,Tech,CSM-041
ACC-0097,Company 97 LLC,Tech,CSM-021
ACC-0098,Company 98 LLC,Tech,CSM-038
ACC-0099,Company 99 LLC,Manufacturing,CSM-023
ACC-0100,Company 100 LLC,Manufacturing,CSM-040
ACC-0101,Company 101 LLC,Manufacturing,CSM-023
ACC-0102,Company 102 LLC,Manufacturing,CSM-015
ACC-0103,Company 103 LLC,Manufacturing,CSM-011
ACC-0104,Company 104 LLC,Retail,CSM-012
ACC-0105,Company 105 LLC,Manufacturing,CSM-036
ACC-0106,Company 106 LLC,Manufacturing,CSM-038
ACC-0107,Company 107 LLC,Finance,CSM-014
ACC-0108,Company 108 LLC,Retail,CSM-048
ACC-0109,Company 109 LLC,Retail,CSM-031
ACC-0110,Company 110 LLC,Finance,CSM-036
ACC-0111,Company 111 LLC,Tech,CSM-048
ACC-0112,Company 112 LLC,Retail,CSM-033
ACC-0113,Company 113 LLC,Manufacturing,CSM-010
ACC-0114,Company 114 LLC,Tech,CSM-050
ACC-0115,Company 115 LLC,Tech,CSM-032
ACC-0116,Company 116 LLC,Manufacturing,CSM-030
ACC-0117,Company 117 LLC,Healthcare,CSM-029
ACC-0118,Company 118 LLC,Healthcare,CSM-031
ACC-0119,Company 119 LLC,Healthcare,CSM-003
ACC-0120,Company 120 LLC,Retail,CSM-029
ACC-0121,Company 121 LLC,Tech,CSM-033
ACC-0122,Company 122 LLC,Retail,CSM-015
ACC-0123,Company 123 LLC,Tech,CSM-040
ACC-0124,Company 124 LLC,Finance,CSM-004
ACC-0125,Company 125 LLC,Finance,CSM-039
ACC-0126,Company 126 LLC,Manufacturing,CSM-018
ACC-0127,Company 127 LLC,Retail,CSM-027
ACC-0128,Company 128 LLC,Finance,CSM-043
ACC-0129,Company 129 LLC,Healthcare,CSM-035
ACC-0130,Company 130 LLC,Healthcare,CSM-016
ACC-0131,Company 131 LLC,Retail,CSM-002
ACC-0132,Company 132 LLC,Healthcare,CSM-024
ACC-0133,Company 133 LLC,Finance,CSM-020
ACC-0134,Company 134 LLC,Finance,CSM-049
ACC-0135,Company 135 LLC,Tech,CSM-027
ACC-0136,Company 136 LLC,Healthcare,CSM-030
ACC-0137,Company 137 LLC,Healthcare,CSM-030
ACC-0138,Company 138 LLC,Tech,CSM-019
ACC-0139,Company 139 LLC,Healthcare,CSM-041
ACC-0140,Company 140 LLC,Healthcare,CSM-022
ACC-0141,Company 141 LLC,Finance,CSM-025
ACC-0142,Company 142 LLC,Manufacturing,CSM-029
ACC-0143,Company 143 LLC,Finance,CSM-005
ACC-0144,Company 144 LLC,Retail,CSM-033
ACC-0145,Company 145 LLC,Tech,CSM-035
ACC-0146,Company 146 LLC,Tech,CSM-029
ACC-0147,Company 147 LLC,Retail,CSM-035
ACC-0148,Company 148 LLC,Healthcare,CSM-011
ACC-0149,Company 149 LLC,Finance,CSM-048
ACC-0150,Company 150 LLC,Healthcare,CSM-044
ACC-0151,Company 151 LLC,Finance,CSM-037
ACC-0152,Company 152 LLC,Finance,CSM-041
ACC-0153,Company 153 LLC,Retail,CSM-042
ACC-0154,Company 154 LLC,Healthcare,CSM-016
ACC-0155,Company 155 LLC,Healthcare,CSM-045
ACC-0156,Company 156 LLC,Manufacturing,CSM-030
ACC-0157,Company 157 LLC,Retail,CSM-017
ACC-0158,Company 158 LLC,Tech,CSM-031
ACC-0159,Company 159 LLC,Healthcare,CSM-040
ACC-0160,Company 160 LLC,Tech,CSM-023
ACC-0161,Company 161 LLC,Tech,CSM-002
ACC-0162,Company 162 LLC,Tech,CSM-050
ACC-0163,Company 163 LLC,Finance,CSM-034
ACC-0164,Company 164 LLC,Finance,CSM-012
ACC-0165,Company 165 LLC,Retail,CSM-032
ACC-0166,Company 166 LLC,Finance,CSM-011
ACC-0167,Company 167 LLC,Retail,CSM-011
ACC-0168,Company 168 LLC,Finance,CSM-001
ACC-0169,Company 169 LLC,Retail,CSM-009
ACC-0170,Company 170 LLC,Tech,CSM-018
ACC-0171,Company 171 LLC,Tech,CSM-029
ACC-0172,Company 172 LLC,Retail,CSM-017
ACC-0173,Company 173 LLC,Healthcare,CSM-045
ACC-0174,Company 174 LLC,Retail,CSM-005
ACC-0175,Company 175 LLC,Manufacturing,CSM-002
ACC-0176,Company 176 LLC,Tech,CSM-007
ACC-0177,Company 177 LLC,Retail,CSM-032
ACC-0178,Company 178 LLC,Finance,CSM-031
ACC-0179,Company 179 LLC,Finance,CSM-049
ACC-0180,Company 180 LLC,Finance,CSM-036
ACC-0181,Company 181 LLC,Manufacturing,CSM-012
ACC-0182,Company 182 LLC,Tech,CSM-017
ACC-0183,Company 183 LLC,Tech,CSM-048
ACC-0184,Company 184 LLC,Retail,CSM-028
ACC-0185,Company 185 LLC,Finance,CSM-037
ACC-0186,Company 186 LLC,Tech,CSM-047
ACC-0187,Company 187 LLC,Healthcare,CSM-020
ACC-0188,Company 188 LLC,Manufacturing,CSM-022
ACC-0189,Company 189 LLC,Healthcare,CSM-043
ACC-0190,Company 190 LLC,Retail,CSM-008
ACC-0191,Company 191 LLC,Finance,CSM-016
ACC-0192,Company 192 LLC,Retail,CSM-023
ACC-0193,Company 193 LLC,Retail,CSM-031
ACC-0194,Company 194 LLC,Healthcare,CSM-009
ACC-0195,Company 195 LLC,Finance,CSM-002
ACC-0196,Company 196 LLC,Healthcare,CSM-038
ACC-0197,Company 197 LLC,Retail,CSM-021
ACC-0198,Company 198 LLC,Healthcare,CSM-012
ACC-0199,Company 199 LLC,Retail,CSM-006
ACC-0200,Company 200 LLC,Manufacturing,CSM-030
ACC-0201,Company 201 LLC,Finance,CSM-045
ACC-0202,Company 202 LLC,Manufacturing,CSM-030
ACC-0203,Company 203 LLC,Tech,CSM-022
ACC-0204,Company 204 LLC,Finance,CSM-017
ACC-0205,Company 205 LLC,Tech,CSM-010
ACC-0206,Company 206 LLC,Retail,CSM-027
ACC-0207,Company 207 LLC,Tech,CSM-009
ACC-0208,Company 208 LLC,Healthcare,CSM-016
ACC-0209,Company 209 LLC,Healthcare,CSM-023
ACC-0210,Company 210 LLC,Finance,CSM-041
ACC-0211,Company 211 LLC,Tech,CSM-026
ACC-0212,Company 212 LLC,Healthcare,CSM-002
ACC-0213,Company 213 LLC,Manufacturing,CSM-004
ACC-0214,Company 214 LLC,Tech,CSM-030
ACC-0215,Company 215 LLC,Finance,CSM-016
ACC-0216,Company 216 LLC,Retail,CSM-045
ACC-0217,Company 217 LLC,Tech,CSM-001
ACC-0218,Company 218 LLC,Finance,CSM-017
ACC-0219,Company 219 LLC,Manufacturing,CSM-026
ACC-0220,Company 220 LLC,Manufacturing,CSM-036
ACC-0221,Company 221 LLC,Healthcare,CSM-027
ACC-0222,Company 222 LLC,Manufacturing,CSM-026
ACC-0223,Company 223 LLC,Healthcare,CSM-032
ACC-0224,Company 224 LLC,Retail,CSM-044
ACC-0225,Company 225 LLC,Retail,CSM-003
ACC-0226,Company 226 LLC,Manufacturing,CSM-019
ACC-0227,Company 227 LLC,Healthcare,CSM-003
ACC-0228,Company 228 LLC,Tech,CSM-046
ACC-0229,Company 229 LLC,Retail,CSM-004
ACC-0230,Company 230 LLC,Retail,CSM-040
ACC-0231,Company 231 LLC,Healthcare,CSM-010
ACC-0232,Company 232 LLC,Healthcare,CSM-008
ACC-0233,Company 233 LLC,Healthcare,CSM-029
ACC-0234,Company 234 LLC,Manufacturing,CSM-049
ACC-0235,Company 235 LLC,Manufacturing,CSM-014
ACC-0236,Company 236 LLC,Retail,CSM-041
ACC-0237,Company 237 LLC,Tech,CSM-007
ACC-0238,Company 238 LLC,Manufacturing,CSM-015
ACC-0239,Company 239 LLC,Healthcare,CSM-036
ACC-0240,Company 240 LLC,Healthcare,CSM-028
ACC-0241,Company 241 LLC,Retail,CSM-003
ACC-0242,Company 242 LLC,Retail,CSM-002
ACC-0243,Company 243 LLC,Finance,CSM-001
ACC-0244,Company 244 LLC,Tech,CSM-040
ACC-0245,Company 245 LLC,Healthcare,CSM-001
ACC-0246,Company 246 LLC,Tech,CSM-036
ACC-0247,Company 247 LLC,Healthcare,CSM-048
ACC-0248,Company 248 LLC,Retail,CSM-045
ACC-0249,Company 249 LLC,Manufacturing,CSM-009
ACC-0250,Company 250 LLC,Tech,CSM-007
ACC-0251,Company 251 LLC,Finance,CSM-008
ACC-0252,Company 252 LLC,Tech,CSM-023
ACC-0253,Company 253 LLC,Healthcare,CSM-004
ACC-0254,Company 254 LLC,Healthcare,CSM-011
ACC-0255,Company 255 LLC,Finance,CSM-039
ACC-0256,Company 256 LLC,Healthcare,CSM-046
ACC-0257,Company 257 LLC,Manufacturing,CSM-006
ACC-0258,Company 258 LLC,Tech,CSM-025
ACC-0259,Company 259 LLC,Healthcare,CSM-045
ACC-0260,Company 260 LLC,Retail,CSM-020
ACC-0261,Company 261 LLC,Retail,CSM-038
ACC-0262,Company 262 LLC,Tech,CSM-024
ACC-0263,Company 263 LLC,Tech,CSM-047
ACC-0264,Company 264 LLC,Tech,CSM-010
ACC-0265,Company 265 LLC,Retail,CSM-003
ACC-0266,Company 266 LLC,Manufacturing,CSM-029
ACC-0267,Company 267 LLC,Tech,CSM-018
ACC-0268,Company 268 LLC,Tech,CSM-036
ACC-0269,Company 269 LLC,Tech,CSM-018
ACC-0270,Company 270 LLC,Retail,CSM-007
ACC-0271,Company 271 LLC,Tech,CSM-015
ACC-0272,Company 272 LLC,Tech,CSM-046
ACC-0273,Company 273 LLC,Tech,CSM-024
ACC-0274,Company 274 LLC,Healthcare,CSM-012
ACC-0275,Company 275 LLC,Healthcare,CSM-001
ACC-0276,Company 276 LLC,Finance,CSM-033
ACC-0277,Company 277 LLC,Finance,CSM-019
ACC-0278,Company 278 LLC,Healthcare,CSM-038
ACC-0279,Company 279 LLC,Healthcare,CSM-042
ACC-0280,Company 280 LLC,Finance,CSM-009
ACC-0281,Company 281 LLC,Retail,CSM-001
ACC-0282,Company 282 LLC,Finance,CSM-016
ACC-0283,Company 283 LLC,Retail,CSM-044
ACC-0284,Company 284 LLC,Tech,CSM-017
ACC-0285,Company 285 LLC,Manufacturing,CSM-013
ACC-0286,Company 286 LLC,Manufacturing,CSM-008
ACC-0287,Company 287 LLC,Finance,CSM-004
ACC-0288,Company 288 LLC,Retail,CSM-038
ACC-0289,Company 289 LLC,Retail,CSM-031
ACC-0290,Company 290 LLC,Tech,CSM-014
ACC-0291,Company 291 LLC,Tech,CSM-044
ACC-0292,Company 292 LLC,Retail,CSM-039
ACC-0293,Company 293 LLC,Tech,CSM-040
ACC-0294,Company 294 LLC,Retail,CSM-040
ACC-0295,Company 295 LLC,Finance,CSM-010
ACC-0296,Company 296 LLC,Tech,CSM-048
ACC-0297,Company 297 LLC,Manufacturing,CSM-015
ACC-0298,Company 298 LLC,Tech,CSM-024
ACC-0299,Company 299 LLC,Tech,CSM-029
ACC-0300,Company 300 LLC,Tech,CSM-006
ACC-0301,Company 301 LLC,Finance,CSM-020
ACC-0302,Company 302 LLC,Tech,CSM-012
ACC-0303,Company 303 LLC,Finance,CSM-033
ACC-0304,Company 304 LLC,Tech,CSM-047
ACC-0305,Company 305 LLC,Manufacturing,CSM-018
ACC-0306,Company 306 LLC,Manufacturing,CSM-045
ACC-0307,Company 307 LLC,Tech,CSM-021
ACC-0308,Company 308 LLC,Retail,CSM-004
ACC-0309,Company 309 LLC,Manufacturing,CSM-044
ACC-0310,Company 310 LLC,Tech,CSM-042
ACC-0311,Company 311 LLC,Retail,CSM-025
ACC-0312,Company 312 LLC,Retail,CSM-013
ACC-0313,Company 313 LLC,Retail,CSM-025
ACC-0314,Company 314 LLC,Healthcare,CSM-030
ACC-0315,Company 315 LLC,Retail,CSM-009
ACC-0316,Company 316 LLC,Healthcare,CSM-016
ACC-0317,Company 317 LLC,Retail,CSM-042
ACC-0318,Company 318 LLC,Tech,CSM-040
ACC-0319,Company 319 LLC,Finance,CSM-012
ACC-0320,Company 320 LLC,Tech,CSM-032
ACC-0321,Company 321 LLC,Manufacturing,CSM-039
ACC-0322,Company 322 LLC,Tech,CSM-004
ACC-0323,Company 323 LLC,Retail,CSM-024
ACC-0324,Company 324 LLC,Retail,CSM-022
ACC-0325,Company 325 LLC,Tech,CSM-028
ACC-0326,Company 326 LLC,Finance,CSM-001
ACC-0327,Company 327 LLC,Manufacturing,CSM-022
ACC-0328,Company 328 LLC,Finance,CSM-032
ACC-0329,Company 329 LLC,Manufacturing,CSM-008
ACC-0330,Company 330 LLC,Retail,CSM-031
ACC-0331,Company 331 LLC,Finance,CSM-032
ACC-0332,Company 332 LLC,Manufacturing,CSM-027
ACC-0333,Company 333 LLC,Finance,CSM-005
ACC-0334,Company 334 LLC,Finance,CSM-029
ACC-0335,Company 335 LLC,Tech,CSM-001
ACC-0336,Company 336 LLC,Finance,CSM-045
ACC-0337,Company 337 LLC,Healthcare,CSM-015
ACC-0338,Company 338 LLC,Finance,CSM-028
ACC-0339,Company 339 LLC,Retail,CSM-002
ACC-0340,Company 340 LLC,Manufacturing,CSM-024
ACC-0341,Company 341 LLC,Finance,CSM-028
ACC-0342,Company 342 LLC,Tech,CSM-043
ACC-0343,Company 343 LLC,Finance,CSM-038
ACC-0344,Company 344 LLC,Retail,CSM-039
ACC-0345,Company 345 LLC,Manufacturing,CSM-032
ACC-0346,Company 346 LLC,Tech,CSM-046
ACC-0347,Company 347 LLC,Tech,CSM-047
ACC-0348,Company 348 LLC,Manufacturing,CSM-047
ACC-0349,Company 349 LLC,Tech,CSM-016
ACC-0350,Company 350 LLC,Finance,CSM-006
ACC-0351,Company 351 LLC,Healthcare,CSM-005
ACC-0352,Company 352 LLC,Manufacturing,CSM-030
ACC-0353,Company 353 LLC,Retail,CSM-044
ACC-0354,Company 354 LLC,Manufacturing,CSM-013
ACC-0355,Company 355 LLC,Finance,CSM-014
ACC-0356,Company 356 LLC,Finance,CSM-013
ACC-0357,Company 357 LLC,Finance,CSM-035
ACC-0358,Company 358 LLC,Retail,CSM-035
ACC-0359,Company 359 LLC,Finance,CSM-017
ACC-0360,Company 360 LLC,Finance,CSM-049
ACC-0361,Company 361 LLC,Finance,CSM-034
ACC-0362,Company 362 LLC,Tech,CSM-004
ACC-0363,Company 363 LLC,Retail,CSM-013
ACC-0364,Company 364 LLC,Finance,CSM-028
ACC-0365,Company 365 LLC,Tech,CSM-037
ACC-0366,Company 366 LLC,Finance,CSM-027
ACC-0367,Company 367 LLC,Finance,CSM-022
ACC-0368,Company 368 LLC,Finance,CSM-027
ACC-0369,Company 369 LLC,Healthcare,CSM-044
ACC-0370,Company 370 LLC,Healthcare,CSM-016
ACC-0371,Company 371 LLC,Finance,CSM-015
ACC-0372,Company 372 LLC,Finance,CSM-006
ACC-0373,Company 373 LLC,Finance,CSM-010
ACC-0374,Company 374 LLC,Tech,CSM-042
ACC-0375,Company 375 LLC,Retail,CSM-003
ACC-0376,Company 376 LLC,Tech,CSM-028
ACC-0377,Company 377 LLC,Manufacturing,CSM-048
ACC-0378,Company 378 LLC,Manufacturing,CSM-038
ACC-0379,Company 379 LLC,Tech,CSM-045
ACC-0380,Company 380 LLC,Tech,CSM-031
ACC-0381,Company 381 LLC,Tech,CSM-026
ACC-0382,Company 382 LLC,Finance,CSM-019
ACC-0383,Company 383 LLC,Retail,CSM-033
ACC-0384,Company 384 LLC,Healthcare,CSM-019
ACC-0385,Company 385 LLC,Tech,CSM-049
ACC-0386,Company 386 LLC,Tech,CSM-030
ACC-0387,Company 387 LLC,Retail,CSM-016
ACC-0388,Company 388 LLC,Manufacturing,CSM-038
ACC-0389,Company 389 LLC,Finance,CSM-047
ACC-0390,Company 390 LLC,Retail,CSM-014
ACC-0391,Company 391 LLC,Retail,CSM-039
ACC-0392,Company 392 LLC,Retail,CSM-047
ACC-0393,Company 393 LLC,Finance,CSM-003
ACC-0394,Company 394 LLC,Healthcare,CSM-038
ACC-0395,Company 395 LLC,Tech,CSM-040
ACC-0396,Company 396 LLC,Tech,CSM-050
ACC-0397,Company 397 LLC,Retail,CSM-038
ACC-0398,Company 398 LLC,Manufacturing,CSM-001
ACC-0399,Company 399 LLC,Finance,CSM-013
ACC-0400,Company 400 LLC,Tech,CSM-008
ACC-0401,Company 401 LLC,Manufacturing,CSM-034
ACC-0402,Company 402 LLC,Finance,CSM-011
ACC-0403,Company 403 LLC,Finance,CSM-035
ACC-0404,Company 404 LLC,Finance,CSM-037
ACC-0405,Company 405 LLC,Tech,CSM-003
ACC-0406,Company 406 LLC,Manufacturing,CSM-020
ACC-0407,Company 407 LLC,Tech,CSM-002
ACC-0408,Company 408 LLC,Retail,CSM-015
ACC-0409,Company 409 LLC,Manufacturing,CSM-017
ACC-0410,Company 410 LLC,Manufacturing,CSM-012
ACC-0411,Company 411 LLC,Retail,CSM-022
ACC-0412,Company 412 LLC,Finance,CSM-031
ACC-0413,Company 413 LLC,Healthcare,CSM-050
ACC-0414,Company 414 LLC,Finance,CSM-033
ACC-0415,Company 415 LLC,Retail,CSM-022
ACC-0416,Company 416 LLC,Retail,CSM-032
ACC-0417,Company 417 LLC,Retail,CSM-008
ACC-0418,Company 418 LLC,Tech,CSM-021
ACC-0419,Company 419 LLC,Healthcare,CSM-003
ACC-0420,Company 420 LLC,Manufacturing,CSM-036
ACC-0421,Company 421 LLC,Healthcare,CSM-011
ACC-0422,Company 422 LLC,Retail,CSM-025
ACC-0423,Company 423 LLC,Healthcare,CSM-034
ACC-0424,Company 424 LLC,Healthcare,CSM-017
ACC-0425,Company 425 LLC,Retail,CSM-006
ACC-0426,Company 426 LLC,Healthcare,CSM-005
ACC-0427,Company 427 LLC,Healthcare,CSM-030
ACC-0428,Company 428 LLC,Finance,CSM-034
ACC-0429,Company 429 LLC,Healthcare,CSM-001
ACC-0430,Company 430 LLC,Manufacturing,CSM-042
ACC-0431,Company 431 LLC,Tech,CSM-008
ACC-0432,Company 432 LLC,Tech,CSM-046
ACC-0433,Company 433 LLC,Healthcare,CSM-045
ACC-0434,Company 434 LLC,Manufacturing,CSM-049
ACC-0435,Company 435 LLC,Finance,CSM-045
ACC-0436,Company 436 LLC,Manufacturing,CSM-003
ACC-0437,Company 437 LLC,Retail,CSM-008
ACC-0438,Company 438 LLC,Healthcare,CSM-044
ACC-0439,Company 439 LLC,Tech,CSM-006
ACC-0440,Company 440 LLC,Manufacturing,CSM-033
ACC-0441,Company 441 LLC,Tech,CSM-050
ACC-0442,Company 442 LLC,Healthcare,CSM-026
ACC-0443,Company 443 LLC,Manufacturing,CSM-017
ACC-0444,Company 444 LLC,Tech,CSM-004
ACC-0445,Company 445 LLC,Manufacturing,CSM-043
ACC-0446,Company 446 LLC,Healthcare,CSM-049
ACC-0447,Company 447 LLC,Tech,CSM-039
ACC-0448,Company 448 LLC,Finance,CSM-031
ACC-0449,Company 449 LLC,Manufacturing,CSM-039
ACC-0450,Company 450 LLC,Retail,CSM-002
ACC-0451,Company 451 LLC,Retail,CSM-010
ACC-0452,Company 452 LLC,Finance,CSM-021
ACC-0453,Company 453 LLC,Healthcare,CSM-040
ACC-0454,Company 454 LLC,Retail,CSM-030
ACC-0455,Company 455 LLC,Finance,CSM-035
ACC-0456,Company 456 LLC,Retail,CSM-021
ACC-0457,Company 457 LLC,Finance,CSM-026
ACC-0458,Company 458 LLC,Tech,CSM-018
ACC-0459,Company 459 LLC,Tech,CSM-026
ACC-0460,Company 460 LLC,Tech,CSM-002
ACC-0461,Company 461 LLC,Finance,CSM-046
ACC-0462,Company 462 LLC,Tech,CSM-042
ACC-0463,Company 463 LLC,Tech,CSM-007
ACC-0464,Company 464 LLC,Tech,CSM-044
ACC-0465,Company 465 LLC,Healthcare,CSM-025
ACC-0466,Company 466 LLC,Tech,CSM-035
ACC-0467,Company 467 LLC,Retail,CSM-041
ACC-0468,Company 468 LLC,Retail,CSM-021
ACC-0469,Company 469 LLC,Tech,CSM-008
ACC-0470,Company 470 LLC,Tech,CSM-014
ACC-0471,Company 471 LLC,Tech,CSM-045
ACC-0472,Company 472 LLC,Healthcare,CSM-042
ACC-0473,Company 473 LLC,Tech,CSM-005
ACC-0474,Company 474 LLC,Healthcare,CSM-026
ACC-0475,Company 475 LLC,Tech,CSM-005
ACC-0476,Company 476 LLC,Finance,CSM-001
ACC-0477,Company 477 LLC,Retail,CSM-026
ACC-0478,Company 478 LLC,Tech,CSM-038
ACC-0479,Company 479 LLC,Finance,CSM-035
ACC-0480,Company 480 LLC,Tech,CSM-042
ACC-0481,Company 481 LLC,Tech,CSM-017
ACC-0482,Company 482 LLC,Manufacturing,CSM-024
ACC-0483,Company 483 LLC,Manufacturing,CSM-025
ACC-0484,Company 484 LLC,Finance,CSM-032
ACC-0485,Company 485 LLC,Manufacturing,CSM-009
ACC-0486,Company 486 LLC,Manufacturing,CSM-002
ACC-0487,Company 487 LLC,Retail,CSM-027
ACC-0488,Company 488 LLC,Healthcare,CSM-034
ACC-0489,Company 489 LLC,Tech,CSM-043
ACC-0490,Company 490 LLC,Manufacturing,CSM-040
ACC-0491,Company 491 LLC,Tech,CSM-041
ACC-0492,Company 492 LLC,Manufacturing,CSM-031
ACC-0493,Company 493 LLC,Retail,CSM-032
ACC-0494,Company 494 LLC,Finance,CSM-044
ACC-0495,Company 495 LLC,Finance,CSM-010
ACC-0496,Company 496 LLC,Manufacturing,CSM-031
ACC-0497,Company 497 LLC,Manufacturing,CSM-005
ACC-0498,Company 498 LLC,Finance,CSM-033
ACC-0499,Company 499 LLC,Manufacturing,CSM-024
ACC-0500,Company 500 LLC,Healthcare,CSM-002
ACC-0501,Company 501 LLC,Finance,CSM-024
ACC-0502,Company 502 LLC,Retail,CSM-011
ACC-0503,Company 503 LLC,Healthcare,CSM-013
ACC-0504,Company 504 LLC,Healthcare,CSM-026
ACC-0505,Company 505 LLC,Finance,CSM-041
ACC-0506,Company 506 LLC,Finance,CSM-009
ACC-0507,Company 507 LLC,Manufacturing,CSM-019
ACC-0508,Company 508 LLC,Finance,CSM-023
ACC-0509,Company 509 LLC,Healthcare,CSM-008
ACC-0510,Company 510 LLC,Manufacturing,CSM-028
ACC-0511,Company 511 LLC,Retail,CSM-041
ACC-0512,Company 512 LLC,Finance,CSM-017
ACC-0513,Company 513 LLC,Finance,CSM-007
ACC-0514,Company 514 LLC,Retail,CSM-003
ACC-0515,Company 515 LLC,Tech,CSM-039
ACC-0516,Company 516 LLC,Finance,CSM-046
ACC-0517,Company 517 LLC,Healthcare,CSM-019
ACC-0518,Company 518 LLC,Retail,CSM-041
ACC-0519,Company 519 LLC,Finance,CSM-016
ACC-0520,Company 520 LLC,Retail,CSM-049
ACC-0521,Company 521 LLC,Tech,CSM-034
ACC-0522,Company 522 LLC,Healthcare,CSM-043
ACC-0523,Company 523 LLC,Manufacturing,CSM-034
ACC-0524,Company 524 LLC,Tech,CSM-014
ACC-0525,Company 525 LLC,Manufacturing,CSM-024
ACC-0526,Company 526 LLC,Manufacturing,CSM-034
ACC-0527,Company 527 LLC,Tech,CSM-028
ACC-0528,Company 528 LLC,Tech,CSM-007
ACC-0529,Company 529 LLC,Tech,CSM-021
ACC-0530,Company 530 LLC,Retail,CSM-001
ACC-0531,Company 531 LLC,Retail,CSM-040
ACC-0532,Company 532 LLC,Tech,CSM-014
ACC-0533,Company 533 LLC,Healthcare,CSM-042
ACC-0534,Company 534 LLC,Retail,CSM-040
ACC-0535,Company 535 LLC,Finance,CSM-049
ACC-0536,Company 536 LLC,Tech,CSM-023
ACC-0537,Company 537 LLC,Retail,CSM-029
ACC-0538,Company 538 LLC,Healthcare,CSM-049
ACC-0539,Company 539 LLC,Finance,CSM-035
ACC-0540,Company 540 LLC,Healthcare,CSM-013
ACC-0541,Company 541 LLC,Manufacturing,CSM-041
ACC-0542,Company 542 LLC,Finance,CSM-046
ACC-0543,Company 543 LLC,Finance,CSM-011
ACC-0544,Company 544 LLC,Manufacturing,CSM-026
ACC-0545,Company 545 LLC,Retail,CSM-009
ACC-0546,Company 546 LLC,Healthcare,CSM-029
ACC-0547,Company 547 LLC,Retail,CSM-029
ACC-0548,Company 548 LLC,Retail,CSM-050
ACC-0549,Company 549 LLC,Finance,CSM-022
ACC-0550,Company 550 LLC,Retail,CSM-030
ACC-0551,Company 551 LLC,Healthcare,CSM-048
ACC-0552,Company 552 LLC,Retail,CSM-010
ACC-0553,Company 553 LLC,Retail,CSM-005
ACC-0554,Company 554 LLC,Healthcare,CSM-037
ACC-0555,Company 555 LLC,Manufacturing,CSM-048
ACC-0556,Company 556 LLC,Retail,CSM-018
ACC-0557,Company 557 LLC,Healthcare,CSM-006
ACC-0558,Company 558 LLC,Healthcare,CSM-021
ACC-0559,Company 559 LLC,Tech,CSM-007
ACC-0560,Company 560 LLC,Finance,CSM-021
ACC-0561,Company 561 LLC,Retail,CSM-049
ACC-0562,Company 562 LLC,Healthcare,CSM-007
ACC-0563,Company 563 LLC,Healthcare,CSM-004
ACC-0564,Company 564 LLC,Healthcare,CSM-050
ACC-0565,Company 565 LLC,Tech,CSM-019
ACC-0566,Company 566 LLC,Healthcare,CSM-006
ACC-0567,Company 567 LLC,Healthcare,CSM-002
ACC-0568,Company 568 LLC,Finance,CSM-041
ACC-0569,Company 569 LLC,Retail,CSM-031
ACC-0570,Company 570 LLC,Healthcare,CSM-022
ACC-0571,Company 571 LLC,Retail,CSM-004
ACC-0572,Company 572 LLC,Tech,CSM-020
ACC-0573,Company 573 LLC,Retail,CSM-046
ACC-0574,Company 574 LLC,Healthcare,CSM-044
ACC-0575,Company 575 LLC,Healthcare,CSM-041
ACC-0576,Company 576 LLC,Healthcare,CSM-024
ACC-0577,Company 577 LLC,Healthcare,CSM-007
ACC-0578,Company 578 LLC,Finance,CSM-050
ACC-0579,Company 579 LLC,Manufacturing,CSM-010
ACC-0580,Company 580 LLC,Manufacturing,CSM-043
ACC-0581,Company 581 LLC,Tech,CSM-020
ACC-0582,Company 582 LLC,Finance,CSM-031
ACC-0583,Company 583 LLC,Manufacturing,CSM-039
ACC-0584,Company 584 LLC,Finance,CSM-039
ACC-0585,Company 585 LLC,Tech,CSM-026
ACC-0586,Company 586 LLC,Healthcare,CSM-037
ACC-0587,Company 587 LLC,Healthcare,CSM-011
ACC-0588,Company 588 LLC,Finance,CSM-028
ACC-0589,Company 589 LLC,Manufacturing,CSM-013
ACC-0590,Company 590 LLC,Tech,CSM-014
ACC-0591,Company 591 LLC,Finance,CSM-016
ACC-0592,Company 592 LLC,Tech,CSM-041
ACC-0593,Company 593 LLC,Retail,CSM-004
ACC-0594,Company 594 LLC,Tech,CSM-003
ACC-0595,Company 595 LLC,Healthcare,CSM-042
ACC-0596,Company 596 LLC,Manufacturing,CSM-041
ACC-0597,Company 597 LLC,Finance,CSM-021
ACC-0598,Company 598 LLC,Tech,CSM-043
ACC-0599,Company 599 LLC,Finance,CSM-001
ACC-0600,Company 600 LLC,Manufacturing,CSM-012
ACC-0601,Company 601 LLC,Retail,CSM-019
ACC-0602,Company 602 LLC,Finance,CSM-032
ACC-0603,Company 603 LLC,Retail,CSM-033
ACC-0604,Company 604 LLC,Healthcare,CSM-032
ACC-0605,Company 605 LLC,Manufacturing,CSM-033
ACC-0606,Company 606 LLC,Finance,CSM-028
ACC-0607,Company 607 LLC,Finance,CSM-044
ACC-0608,Company 608 LLC,Healthcare,CSM-047
ACC-0609,Company 609 LLC,Manufacturing,CSM-001
ACC-0610,Company 610 LLC,Tech,CSM-014
ACC-0611,Company 611 LLC,Tech,CSM-048
ACC-0612,Company 612 LLC,Manufacturing,CSM-049
ACC-0613,Company 613 LLC,Manufacturing,CSM-049
ACC-0614,Company 614 LLC,Finance,CSM-029
ACC-0615,Company 615 LLC,Retail,CSM-025
ACC-0616,Company 616 LLC,Healthcare,CSM-008
ACC-0617,Company 617 LLC,Tech,CSM-039
ACC-0618,Company 618 LLC,Finance,CSM-034
ACC-0619,Company 619 LLC,Finance,CSM-043
ACC-0620,Company 620 LLC,Finance,CSM-018
ACC-0621,Company 621 LLC,Manufacturing,CSM-031
ACC-0622,Company 622 LLC,Manufacturing,CSM-036
ACC-0623,Company 623 LLC,Finance,CSM-025
ACC-0624,Company 624 LLC,Retail,CSM-017
ACC-0625,Company 625 LLC,Finance,CSM-005
ACC-0626,Company 626 LLC,Manufacturing,CSM-049
ACC-0627,Company 627 LLC,Finance,CSM-003
ACC-0628,Company 628 LLC,Retail,CSM-036
ACC-0629,Company 629 LLC,Tech,CSM-040
ACC-0630,Company 630 LLC,Manufacturing,CSM-039
ACC-0631,Company 631 LLC,Manufacturing,CSM-044
ACC-0632,Company 632 LLC,Retail,CSM-037
ACC-0633,Company 633 LLC,Tech,CSM-037
ACC-0634,Company 634 LLC,Finance,CSM-028
ACC-0635,Company 635 LLC,Tech,CSM-045
ACC-0636,Company 636 LLC,Manufacturing,CSM-017
ACC-0637,Company 637 LLC,Manufacturing,CSM-004
ACC-0638,Company 638 LLC,Healthcare,CSM-016
ACC-0639,Company 639 LLC,Healthcare,CSM-030
ACC-0640,Company 640 LLC,Finance,CSM-047
ACC-0641,Company 641 LLC,Manufacturing,CSM-030
ACC-0642,Company 642 LLC,Retail,CSM-044
ACC-0643,Company 643 LLC,Retail,CSM-004
ACC-0644,Company 644 LLC,Manufacturing,CSM-043
ACC-0645,Company 645 LLC,Healthcare,CSM-040
ACC-0646,Company 646 LLC,Healthcare,CSM-050
ACC-0647,Company 647 LLC,Tech,CSM-035
ACC-0648,Company 648 LLC,Manufacturing,CSM-021
ACC-0649,Company 649 LLC,Tech,CSM-018
ACC-0650,Company 650 LLC,Manufacturing,CSM-011
ACC-0651,Company 651 LLC,Manufacturing,CSM-044
ACC-0652,Company 652 LLC,Manufacturing,CSM-037
ACC-0653,Company 653 LLC,Healthcare,CSM-036
ACC-0654,Company 654 LLC,Manufacturing,CSM-048
ACC-0655,Company 655 LLC,Healthcare,CSM-014
ACC-0656,Company 656 LLC,Manufacturing,CSM-036
ACC-0657,Company 657 LLC,Healthcare,CSM-023
ACC-0658,Company 658 LLC,Healthcare,CSM-030
ACC-0659,Company 659 LLC,Retail,CSM-027
ACC-0660,Company 660 LLC,Tech,CSM-012
ACC-0661,Company 661 LLC,Tech,CSM-044
ACC-0662,Company 662 LLC,Healthcare,CSM-048
ACC-0663,Company 663 LLC,Finance,CSM-005
ACC-0664,Company 664 LLC,Retail,CSM-037
ACC-0665,Company 665 LLC,Tech,CSM-003
ACC-0666,Company 666 LLC,Retail,CSM-048
ACC-0667,Company 667 LLC,Finance,CSM-045
ACC-0668,Company 668 LLC,Healthcare,CSM-003
ACC-0669,Company 669 LLC,Retail,CSM-044
ACC-0670,Company 670 LLC,Retail,CSM-017
ACC-0671,Company 671 LLC,Tech,CSM-043
ACC-0672,Company 672 LLC,Manufacturing,CSM-007
ACC-0673,Company 673 LLC,Tech,CSM-011
ACC-0674,Company 674 LLC,Manufacturing,CSM-019
ACC-0675,Company 675 LLC,Finance,CSM-017
ACC-0676,Company 676 LLC,Retail,CSM-009
ACC-0677,Company 677 LLC,Manufacturing,CSM-001
ACC-0678,Company 678 LLC,Manufacturing,CSM-049
ACC-0679,Company 679 LLC,Tech,CSM-035
ACC-0680,Company 680 LLC,Manufacturing,CSM-007
ACC-0681,Company 681 LLC,Retail,CSM-048
ACC-0682,Company 682 LLC,Tech,CSM-014
ACC-0683,Company 683 LLC,Tech,CSM-035
ACC-0684,Company 684 LLC,Tech,CSM-010
ACC-0685,Company 685 LLC,Healthcare,CSM-031
ACC-0686,Company 686 LLC,Healthcare,CSM-012
ACC-0687,Company 687 LLC,Retail,CSM-016
ACC-0688,Company 688 LLC,Retail,CSM-001
ACC-0689,Company 689 LLC,Healthcare,CSM-026
ACC-0690,Company 690 LLC,Retail,CSM-011
ACC-0691,Company 691 LLC,Manufacturing,CSM-004
ACC-0692,Company 692 LLC,Retail,CSM-048
ACC-0693,Company 693 LLC,Tech,CSM-030
ACC-0694,Company 694 LLC,Retail,CSM-021
ACC-0695,Company 695 LLC,Finance,CSM-005
ACC-0696,Company 696 LLC,Retail,CSM-016
ACC-0697,Company 697 LLC,Manufacturing,CSM-015
ACC-0698,Company 698 LLC,Manufacturing,CSM-004
ACC-0699,Company 699 LLC,Retail,CSM-049
ACC-0700,Company 700 LLC,Manufacturing,CSM-041
ACC-0701,Company 701 LLC,Finance,CSM-027
ACC-0702,Company 702 LLC,Retail,CSM-039
ACC-0703,Company 703 LLC,Healthcare,CSM-002
ACC-0704,Company 704 LLC,Manufacturing,CSM-024
ACC-0705,Company 705 LLC,Finance,CSM-026
ACC-0706,Company 706 LLC,Manufacturing,CSM-046
ACC-0707,Company 707 LLC,Healthcare,CSM-044
ACC-0708,Company 708 LLC,Retail,CSM-001
ACC-0709,Company 709 LLC,Retail,CSM-004
ACC-0710,Company 710 LLC,Tech,CSM-015
ACC-0711,Company 711 LLC,Tech,CSM-034
ACC-0712,Company 712 LLC,Healthcare,CSM-035
ACC-0713,Company 713 LLC,Retail,CSM-033
ACC-0714,Company 714 LLC,Tech,CSM-037
ACC-0715,Company 715 LLC,Healthcare,CSM-004
ACC-0716,Company 716 LLC,Finance,CSM-048
ACC-0717,Company 717 LLC,Finance,CSM-049
ACC-0718,Company 718 LLC,Retail,CSM-048
ACC-0719,Company 719 LLC,Retail,CSM-027
ACC-0720,Company 720 LLC,Retail,CSM-007
ACC-0721,Company 721 LLC,Healthcare,CSM-020
ACC-0722,Company 722 LLC,Tech,CSM-020
ACC-0723,Company 723 LLC,Tech,CSM-022
ACC-0724,Company 724 LLC,Retail,CSM-023
ACC-0725,Company 725 LLC,Healthcare,CSM-029
ACC-0726,Company 726 LLC,Manufacturing,CSM-039
ACC-0727,Company 727 LLC,Manufacturing,CSM-003
ACC-0728,Company 728 LLC,Tech,CSM-014
ACC-0729,Company 729 LLC,Retail,CSM-014
ACC-0730,Company 730 LLC,Tech,CSM-032
ACC-0731,Company 731 LLC,Manufacturing,CSM-009
ACC-0732,Company 732 LLC,Healthcare,CSM-017
ACC-0733,Company 733 LLC,Retail,CSM-045
ACC-0734,Company 734 LLC,Healthcare,CSM-003
ACC-0735,Company 735 LLC,Manufacturing,CSM-022
ACC-0736,Company 736 LLC,Finance,CSM-018
ACC-0737,Company 737 LLC,Manufacturing,CSM-012
ACC-0738,Company 738 LLC,Healthcare,CSM-007
ACC-0739,Company 739 LLC,Manufacturing,CSM-042
ACC-0740,Company 740 LLC,Tech,CSM-048
ACC-0741,Company 741 LLC,Healthcare,CSM-027
ACC-0742,Company 742 LLC,Retail,CSM-006
ACC-0743,Company 743 LLC,Healthcare,CSM-002
ACC-0744,Company 744 LLC,Tech,CSM-032
ACC-0745,Company 745 LLC,Retail,CSM-009
ACC-0746,Company 746 LLC,Finance,CSM-019
ACC-0747,Company 747 LLC,Tech,CSM-030
ACC-0748,Company 748 LLC,Retail,CSM-039
ACC-0749,Company 749 LLC,Manufacturing,CSM-019
ACC-0750,Company 750 LLC,Manufacturing,CSM-026
ACC-0751,Company 751 LLC,Finance,CSM-006
ACC-0752,Company 752 LLC,Tech,CSM-007
ACC-0753,Company 753 LLC,Tech,CSM-029
ACC-0754,Company 754 LLC,Retail,CSM-006
ACC-0755,Company 755 LLC,Tech,CSM-022
ACC-0756,Company 756 LLC,Healthcare,CSM-002
ACC-0757,Company 757 LLC,Manufacturing,CSM-034
ACC-0758,Company 758 LLC,Retail,CSM-044
ACC-0759,Company 759 LLC,Tech,CSM-035
ACC-0760,Company 760 LLC,Finance,CSM-001
ACC-0761,Company 761 LLC,Healthcare,CSM-050
ACC-0762,Company 762 LLC,Tech,CSM-048
ACC-0763,Company 763 LLC,Manufacturing,CSM-027
ACC-0764,Company 764 LLC,Finance,CSM-027
ACC-0765,Company 765 LLC,Tech,CSM-018
ACC-0766,Company 766 LLC,Healthcare,CSM-031
ACC-0767,Company 767 LLC,Healthcare,CSM-035
ACC-0768,Company 768 LLC,Manufacturing,CSM-024
ACC-0769,Company 769 LLC,Manufacturing,CSM-042
ACC-0770,Company 770 LLC,Retail,CSM-033
ACC-0771,Company 771 LLC,Finance,CSM-006
ACC-0772,Company 772 LLC,Finance,CSM-014
ACC-0773,Company 773 LLC,Tech,CSM-001
ACC-0774,Company 774 LLC,Healthcare,CSM-045
ACC-0775,Company 775 LLC,Retail,CSM-025
ACC-0776,Company 776 LLC,Tech,CSM-049
ACC-0777,Company 777 LLC,Tech,CSM-041
ACC-0778,Company 778 LLC,Manufacturing,CSM-046
ACC-0779,Company 779 LLC,Manufacturing,CSM-013
ACC-0780,Company 780 LLC,Finance,CSM-032
ACC-0781,Company 781 LLC,Finance,CSM-025
ACC-0782,Company 782 LLC,Healthcare,CSM-014
ACC-0783,Company 783 LLC,Finance,CSM-032
ACC-0784,Company 784 LLC,Retail,CSM-023
ACC-0785,Company 785 LLC,Tech,CSM-037
ACC-0786,Company 786 LLC,Healthcare,CSM-003
ACC-0787,Company 787 LLC,Retail,CSM-014
ACC-0788,Company 788 LLC,Finance,CSM-032
ACC-0789,Company 789 LLC,Finance,CSM-020
ACC-0790,Company 790 LLC,Healthcare,CSM-016
ACC-0791,Company 791 LLC,Manufacturing,CSM-002
ACC-0792,Company 792 LLC,Healthcare,CSM-029
ACC-0793,Company 793 LLC,Finance,CSM-009
ACC-0794,Company 794 LLC,Tech,CSM-025
ACC-0795,Company 795 LLC,Healthcare,CSM-045
ACC-0796,Company 796 LLC,Finance,CSM-016
ACC-0797,Company 797 LLC,Tech,CSM-011
ACC-0798,Company 798 LLC,Manufacturing,CSM-040
ACC-0799,Company 799 LLC,Manufacturing,CSM-026
ACC-0800,Company 800 LLC,Retail,CSM-048
ACC-0801,Company 801 LLC,Retail,CSM-020
ACC-0802,Company 802 LLC,Healthcare,CSM-014
ACC-0803,Company 803 LLC,Manufacturing,CSM-042
ACC-0804,Company 804 LLC,Manufacturing,CSM-024
ACC-0805,Company 805 LLC,Manufacturing,CSM-024
ACC-0806,Company 806 LLC,Healthcare,CSM-015
ACC-0807,Company 807 LLC,Retail,CSM-038
ACC-0808,Company 808 LLC,Retail,CSM-031
ACC-0809,Company 809 LLC,Tech,CSM-027
ACC-0810,Company 810 LLC,Finance,CSM-042
ACC-0811,Company 811 LLC,Manufacturing,CSM-029
ACC-0812,Company 812 LLC,Manufacturing,CSM-045
ACC-0813,Company 813 LLC,Finance,CSM-020
ACC-0814,Company 814 LLC,Retail,CSM-032
ACC-0815,Company 815 LLC,Retail,CSM-017
ACC-0816,Company 816 LLC,Tech,CSM-023
ACC-0817,Company 817 LLC,Manufacturing,CSM-011
ACC-0818,Company 818 LLC,Retail,CSM-003
ACC-0819,Company 819 LLC,Manufacturing,CSM-050
ACC-0820,Company 820 LLC,Finance,CSM-018
ACC-0821,Company 821 LLC,Manufacturing,CSM-020
ACC-0822,Company 822 LLC,Finance,CSM-027
ACC-0823,Company 823 LLC,Retail,CSM-048
ACC-0824,Company 824 LLC,Finance,CSM-037
ACC-0825,Company 825 LLC,Healthcare,CSM-010
ACC-0826,Company 826 LLC,Manufacturing,CSM-027
ACC-0827,Company 827 LLC,Retail,CSM-010
ACC-0828,Company 828 LLC,Manufacturing,CSM-023
ACC-0829,Company 829 LLC,Healthcare,CSM-048
ACC-0830,Company 830 LLC,Healthcare,CSM-036
ACC-0831,Company 831 LLC,Tech,CSM-011
ACC-0832,Company 832 LLC,Manufacturing,CSM-038
ACC-0833,Company 833 LLC,Tech,CSM-008
ACC-0834,Company 834 LLC,Tech,CSM-040
ACC-0835,Company 835 LLC,Retail,CSM-038
ACC-0836,Company 836 LLC,Finance,CSM-002
ACC-0837,Company 837 LLC,Tech,CSM-039
ACC-0838,Company 838 LLC,Finance,CSM-031
ACC-0839,Company 839 LLC,Retail,CSM-017
ACC-0840,Company 840 LLC,Finance,CSM-004
ACC-0841,Company 841 LLC,Tech,CSM-038
ACC-0842,Company 842 LLC,Finance,CSM-036
ACC-0843,Company 843 LLC,Tech,CSM-031
ACC-0844,Company 844 LLC,Finance,CSM-029
ACC-0845,Company 845 LLC,Retail,CSM-024
ACC-0846,Company 846 LLC,Retail,CSM-046
ACC-0847,Company 847 LLC,Retail,CSM-019
ACC-0848,Company 848 LLC,Finance,CSM-002
ACC-0849,Company 849 LLC,Tech,CSM-020
ACC-0850,Company 850 LLC,Healthcare,CSM-049
ACC-0851,Company 851 LLC,Retail,CSM-010
ACC-0852,Company 852 LLC,Finance,CSM-035
ACC-0853,Company 853 LLC,Finance,CSM-025
ACC-0854,Company 854 LLC,Finance,CSM-007
ACC-0855,Company 855 LLC,Healthcare,CSM-041
ACC-0856,Company 856 LLC,Tech,CSM-028
ACC-0857,Company 857 LLC,Finance,CSM-014
ACC-0858,Company 858 LLC,Tech,CSM-033
ACC-0859,Company 859 LLC,Tech,CSM-028
ACC-0860,Company 860 LLC,Finance,CSM-015
ACC-0861,Company 861 LLC,Healthcare,CSM-032
ACC-0862,Company 862 LLC,Healthcare,CSM-042
ACC-0863,Company 863 LLC,Finance,CSM-018
ACC-0864,Company 864 LLC,Retail,CSM-006
ACC-0865,Company 865 LLC,Manufacturing,CSM-014
ACC-0866,Company 866 LLC,Healthcare,CSM-020
ACC-0867,Company 867 LLC,Healthcare,CSM-012
ACC-0868,Company 868 LLC,Finance,CSM-013
ACC-0869,Company 869 LLC,Tech,CSM-020
ACC-0870,Company 870 LLC,Tech,CSM-001
ACC-0871,Company 871 LLC,Finance,CSM-018
ACC-0872,Company 872 LLC,Healthcare,CSM-015
ACC-0873,Company 873 LLC,Manufacturing,CSM-032
ACC-0874,Company 874 LLC,Tech,CSM-025
ACC-0875,Company 875 LLC,Tech,CSM-032
ACC-0876,Company 876 LLC,Healthcare,CSM-027
ACC-0877,Company 877 LLC,Finance,CSM-013
ACC-0878,Company 878 LLC,Finance,CSM-034
ACC-0879,Company 879 LLC,Retail,CSM-042
ACC-0880,Company 880 LLC,Healthcare,CSM-041
ACC-0881,Company 881 LLC,Tech,CSM-030
ACC-0882,Company 882 LLC,Finance,CSM-009
ACC-0883,Company 883 LLC,Tech,CSM-037
ACC-0884,Company 884 LLC,Finance,CSM-014
ACC-0885,Company 885 LLC,Retail,CSM-015
ACC-0886,Company 886 LLC,Healthcare,CSM-017
ACC-0887,Company 887 LLC,Retail,CSM-048
ACC-0888,Company 888 LLC,Tech,CSM-024
ACC-0889,Company 889 LLC,Retail,CSM-024
ACC-0890,Company 890 LLC,Healthcare,CSM-001
ACC-0891,Company 891 LLC,Tech,CSM-012
ACC-0892,Company 892 LLC,Manufacturing,CSM-012
ACC-0893,Company 893 LLC,Retail,CSM-033
ACC-0894,Company 894 LLC,Retail,CSM-049
ACC-0895,Company 895 LLC,Finance,CSM-010
ACC-0896,Company 896 LLC,Retail,CSM-046
ACC-0897,Company 897 LLC,Manufacturing,CSM-021
ACC-0898,Company 898 LLC,Manufacturing,CSM-020
ACC-0899,Company 899 LLC,Retail,CSM-046
ACC-0900,Company 900 LLC,Finance,CSM-024
ACC-0901,Company 901 LLC,Tech,CSM-050
ACC-0902,Company 902 LLC,Retail,CSM-033
ACC-0903,Company 903 LLC,Retail,CSM-048
ACC-0904,Company 904 LLC,Finance,CSM-028
ACC-0905,Company 905 LLC,Healthcare,CSM-039
ACC-0906,Company 906 LLC,Finance,CSM-010
ACC-0907,Company 907 LLC,Manufacturing,CSM-009
ACC-0908,Company 908 LLC,Finance,CSM-027
ACC-0909,Company 909 LLC,Healthcare,CSM-028
ACC-0910,Company 910 LLC,Tech,CSM-048
ACC-0911,Company 911 LLC,Retail,CSM-013
ACC-0912,Company 912 LLC,Retail,CSM-007
ACC-0913,Company 913 LLC,Tech,CSM-041
ACC-0914,Company 914 LLC,Tech,CSM-017
ACC-0915,Company 915 LLC,Finance,CSM-005
ACC-0916,Company 916 LLC,Finance,CSM-020
ACC-0917,Company 917 LLC,Tech,CSM-043
ACC-0918,Company 918 LLC,Finance,CSM-037
ACC-0919,Company 919 LLC,Tech,CSM-033
ACC-0920,Company 920 LLC,Healthcare,CSM-010
ACC-0921,Company 921 LLC,Tech,CSM-019
ACC-0922,Company 922 LLC,Healthcare,CSM-026
ACC-0923,Company 923 LLC,Manufacturing,CSM-011
ACC-0924,Company 924 LLC,Tech,CSM-019
ACC-0925,Company 925 LLC,Manufacturing,CSM-021
ACC-0926,Company 926 LLC,Healthcare,CSM-016
ACC-0927,Company 927 LLC,Healthcare,CSM-010
ACC-0928,Company 928 LLC,Finance,CSM-037
ACC-0929,Company 929 LLC,Finance,CSM-016
ACC-0930,Company 930 LLC,Retail,CSM-036
ACC-0931,Company 931 LLC,Tech,CSM-014
ACC-0932,Company 932 LLC,Tech,CSM-005
ACC-0933,Company 933 LLC,Finance,CSM-022
ACC-0934,Company 934 LLC,Retail,CSM-038
ACC-0935,Company 935 LLC,Retail,CSM-015
ACC-0936,Company 936 LLC,Tech,CSM-050
ACC-0937,Company 937 LLC,Tech,CSM-003
ACC-0938,Company 938 LLC,Retail,CSM-008
ACC-0939,Company 939 LLC,Tech,CSM-020
ACC-0940,Company 940 LLC,Manufacturing,CSM-022
ACC-0941,Company 941 LLC,Manufacturing,CSM-037
ACC-0942,Company 942 LLC,Healthcare,CSM-019
ACC-0943,Company 943 LLC,Manufacturing,CSM-003
ACC-0944,Company 944 LLC,Retail,CSM-005
ACC-0945,Company 945 LLC,Healthcare,CSM-004
ACC-0946,Company 946 LLC,Retail,CSM-019
ACC-0947,Company 947 LLC,Finance,CSM-036
ACC-0948,Company 948 LLC,Healthcare,CSM-038
ACC-0949,Company 949 LLC,Retail,CSM-011
ACC-0950,Company 950 LLC,Manufacturing,CSM-012
ACC-0951,Company 951 LLC,Finance,CSM-031
ACC-0952,Company 952 LLC,Manufacturing,CSM-035
ACC-0953,Company 953 LLC,Retail,CSM-050
ACC-0954,Company 954 LLC,Manufacturing,CSM-042
ACC-0955,Company 955 LLC,Retail,CSM-005
ACC-0956,Company 956 LLC,Retail,CSM-047
ACC-0957,Company 957 LLC,Manufacturing,CSM-017
ACC-0958,Company 958 LLC,Finance,CSM-024
ACC-0959,Company 959 LLC,Finance,CSM-010
ACC-0960,Company 960 LLC,Healthcare,CSM-012
ACC-0961,Company 961 LLC,Healthcare,CSM-018
ACC-0962,Company 962 LLC,Manufacturing,CSM-046
ACC-0963,Company 963 LLC,Tech,CSM-036
ACC-0964,Company 964 LLC,Healthcare,CSM-048
ACC-0965,Company 965 LLC,Retail,CSM-006
ACC-0966,Company 966 LLC,Manufacturing,CSM-033
ACC-0967,Company 967 LLC,Tech,CSM-010
ACC-0968,Company 968 LLC,Finance,CSM-026
ACC-0969,Company 969 LLC,Tech,CSM-045
ACC-0970,Company 970 LLC,Finance,CSM-010
ACC-0971,Company 971 LLC,Manufacturing,CSM-007
ACC-0972,Company 972 LLC,Finance,CSM-033
ACC-0973,Company 973 LLC,Finance,CSM-024
ACC-0974,Company 974 LLC,Healthcare,CSM-026
ACC-0975,Company 975 LLC,Healthcare,CSM-043
ACC-0976,Company 976 LLC,Tech,CSM-011
ACC-0977,Company 977 LLC,Tech,CSM-049
ACC-0978,Company 978 LLC,Healthcare,CSM-023
ACC-0979,Company 979 LLC,Tech,CSM-024
ACC-0980,Company 980 LLC,Finance,CSM-050
ACC-0981,Company 981 LLC,Finance,CSM-042
ACC-0982,Company 982 LLC,Healthcare,CSM-021
ACC-0983,Company 983 LLC,Finance,CSM-045
ACC-0984,Company 984 LLC,Manufacturing,CSM-012
ACC-0985,Company 985 LLC,Retail,CSM-001
ACC-0986,Company 986 LLC,Retail,CSM-014
ACC-0987,Company 987 LLC,Healthcare,CSM-025
ACC-0988,Company 988 LLC,Manufacturing,CSM-037
ACC-0989,Company 989 LLC,Healthcare,CSM-028
ACC-0990,Company 990 LLC,Healthcare,CSM-023
ACC-0991,Company 991 LLC,Tech,CSM-006
ACC-0992,Company 992 LLC,Healthcare,CSM-042
ACC-0993,Company 993 LLC,Retail,CSM-001
ACC-0994,Company 994 LLC,Healthcare,CSM-034
ACC-0995,Company 995 LLC,Healthcare,CSM-006
ACC-EDGE-1,Healthy Corp,Healthcare,CSM-049
ACC-EDGE-2,Spike Inc,Tech,CSM-049
ACC-EDGE-3,Ghost LLC,Finance,CSM-014
ACC-EDGE-4,Grow Corp,Retail,CSM-023
ACC-EDGE-5,Fresh Start,Retail,CSM-011
