contract_id,account_id,start_date,end_date,annual_commit_dollars,included_monthly_compute_credits
CTR-00001,ACC-00001,2026-01-01,2026-12-31,103538.61,7310
CTR-00002,ACC-00002,2026-01-01,2026-12-31,66384.24,5450
CTR-00003,ACC-00003,2026-01-01,2026-12-31,115079.9,10720
CTR-00004,ACC-00004,2026-01-01,2026-05-30,212377.56,21230
CTR-00005,ACC-00005,2026-01-01,2026-12-31,62074.63,4990
CTR-00006,ACC-00006,2026-01-01,2026-12-31,62075.34,4820
CTR-00007,ACC-00007,2026-01-01,2026-12-31,220896.37,18850
CTR-00008,ACC-00008,2026-01-01,2026-12-31,125141.99,11000
CTR-00009,ACC-00009,2026-01-01,2026-12-31,52647.18,3520
CTR-00010,ACC-00010,2026-01-01,2026-12-31,106915.28,7840
CTR-00011,ACC-00011,2026-01-01,2026-12-31,52870.86,4020
CTR-00012,ACC-00012,2026-01-01,2026-12-31,52785.36,4900
CTR-00013,ACC-00013,2026-01-01,2026-12-31,86627.59,6660
CTR-00014,ACC-00014,2026-01-01,2026-12-31,19162.37,1600
CTR-00015,ACC-00015,2026-01-01,2026-12-31,460550.5,30790
CTR-00016,ACC-00016,2026-01-01,2026-12-31,21863.14,1950
CTR-00017,ACC-00017,2026-01-01,2026-12-31,471885.03,42850
CTR-00018,ACC-00018,2026-01-01,2026-12-31,49335.48,4300
CTR-00019,ACC-00019,2026-01-01,2026-12-31,268926.3,19500
CTR-00020,ACC-00020,2026-01-01,2026-12-31,35990.79,2790
CTR-00021,ACC-00021,2026-01-01,2026-12-31,91123.69,7100
CTR-00022,ACC-00022,2026-01-01,2026-12-31,38730.52,3450
CTR-00023,ACC-00023,2026-01-01,2026-12-31,27211.29,2640
CTR-00024,ACC-00024,2026-01-01,2026-12-31,204016.09,19020
CTR-00025,ACC-00025,2026-01-01,2026-12-31,669673.94,55390
CTR-00026,ACC-00026,2026-01-01,2026-12-31,62439.7,5460
CTR-00027,ACC-00027,2026-01-01,2026-12-31,76670.3,7390
CTR-00028,ACC-00028,2026-01-01,2026-12-31,26975.28,2280
CTR-00029,ACC-00029,2026-01-01,2026-12-31,49957.71,3880
CTR-00030,ACC-00030,2026-01-01,2026-12-31,79034.98,7330
CTR-00031,ACC-00031,2026-01-01,2026-12-31,32673.01,2620
CTR-00032,ACC-00032,2026-01-01,2026-12-31,732680.02,69240
CTR-00033,ACC-00033,2026-01-01,2026-12-31,95128.95,7290
CTR-00034,ACC-00034,2026-01-01,2026-12-31,48028.65,4360
CTR-00035,ACC-00035,2026-01-01,2026-12-31,59624.05,4600
CTR-00036,ACC-00036,2026-01-01,2026-12-31,47992.76,4050
CTR-00037,ACC-00037,2026-01-01,2026-12-31,267425.08,19680
CTR-00038,ACC-00038,2026-01-01,2026-12-31,72442.75,6480
CTR-00039,ACC-00039,2026-01-01,2026-12-31,34877.68,3250
CTR-00040,ACC-00040,2026-01-01,2026-12-31,130063.94,12520
CTR-00041,ACC-00041,2026-01-01,2026-12-31,31113.88,2440
CTR-00042,ACC-00042,2026-01-01,2026-12-31,84643.58,8370
CTR-00043,ACC-00043,2026-01-01,2026-12-31,18550.11,1410
CTR-00044,ACC-00044,2026-01-01,2026-12-31,28861.67,1950
CTR-00045,ACC-00045,2026-01-01,2026-12-31,83935.41,8340
CTR-00046,ACC-00046,2026-01-01,2026-12-31,122629.96,10730
CTR-00047,ACC-00047,2026-01-01,2026-12-31,82450.86,7810
CTR-00048,ACC-00048,2026-01-01,2026-12-31,67443.55,5770
CTR-00049,ACC-00049,2026-01-01,2026-12-31,59232.6,4710
CTR-00050,ACC-00050,2026-01-01,2026-12-31,636874.71,60810
CTR-00051,ACC-00051,2026-01-01,2026-12-31,25978.76,2380
CTR-00052,ACC-00052,2026-01-01,2026-12-31,44183.6,3980
CTR-00053,ACC-00053,2026-01-01,2026-12-31,52973.81,4080
CTR-00054,ACC-00054,2026-01-01,2026-12-31,153274.48,10370
CTR-00055,ACC-00055,2026-01-01,2026-12-31,519015.22,43200
CTR-00056,ACC-00056,2026-01-01,2026-12-31,93016.56,6930
CTR-00057,ACC-00057,2026-01-01,2026-12-31,21287.43,1730
CTR-00058,ACC-00058,2026-01-01,2026-12-31,91753.3,9020
CTR-00059,ACC-00059,2026-01-01,2026-12-31,55850.98,4120
CTR-00060,ACC-00060,2026-01-01,2026-12-31,45531.27,3490
CTR-00061,ACC-00061,2026-01-01,2026-12-31,112215.16,7900
CTR-00062,ACC-00062,2026-01-01,2026-12-31,150497.19,13970
CTR-00063,ACC-00063,2026-01-01,2026-12-31,140350.21,12990
CTR-00064,ACC-00064,2026-01-01,2026-12-31,843680.0,68720
CTR-00065,ACC-00065,2026-01-01,2026-12-31,40641.61,2740
CTR-00066,ACC-00066,2026-01-01,2026-12-31,58897.35,4870
CTR-00067,ACC-00067,2026-01-01,2026-12-31,92215.58,7680
CTR-00068,ACC-00068,2026-01-01,2026-12-31,144767.11,10560
CTR-00069,ACC-00069,2026-01-01,2026-12-31,52290.92,5090
CTR-00070,ACC-00070,2026-01-01,2026-12-31,64217.99,5840
CTR-00071,ACC-00071,2026-01-01,2026-12-31,33710.53,2830
CTR-00072,ACC-00072,2026-01-01,2026-12-31,31655.13,2920
CTR-00073,ACC-00073,2026-01-01,2026-12-31,129154.94,9220
CTR-00074,ACC-00074,2026-01-01,2026-12-31,188974.62,18080
CTR-00075,ACC-00075,2026-01-01,2026-12-31,69535.52,6540
CTR-00076,ACC-00076,2026-01-01,2026-12-31,147631.27,14450
CTR-00077,ACC-00077,2026-01-01,2026-12-31,94197.15,8400
CTR-00078,ACC-00078,2026-01-01,2026-12-31,46556.23,3300
CTR-00079,ACC-00079,2026-01-01,2026-12-31,94181.3,8550
CTR-00080,ACC-00080,2026-01-01,2026-12-31,214620.28,17590
CTR-00081,ACC-00081,2026-01-01,2026-12-31,71319.27,6450
CTR-00082,ACC-00082,2026-01-01,2026-12-31,218655.03,18380
CTR-00083,ACC-00083,2026-01-01,2026-12-31,15000.0,1000
CTR-00084,ACC-00084,2026-01-01,2026-12-31,856019.27,76670
CTR-00085,ACC-00085,2026-01-01,2026-12-31,130005.46,11240
CTR-00086,ACC-00086,2026-01-01,2026-12-31,77725.06,5400
CTR-00087,ACC-00087,2026-01-01,2026-12-31,59319.59,4870
CTR-00088,ACC-00088,2026-01-01,2026-12-31,77981.94,5310
CTR-00089,ACC-00089,2026-01-01,2026-12-31,18191.35,1520
CTR-00090,ACC-00090,2026-01-01,2026-12-31,62707.08,5550
CTR-00091,ACC-00091,2026-01-01,2026-12-31,453112.52,38930
CTR-00092,ACC-00092,2026-01-01,2026-12-31,93899.36,7230
CTR-00093,ACC-00093,2026-01-01,2026-05-28,205772.37,15090
CTR-00094,ACC-00094,2026-01-01,2026-12-31,50879.27,3870
CTR-00095,ACC-00095,2026-01-01,2026-12-31,595979.27,55080
CTR-00096,ACC-00096,2026-01-01,2026-12-31,41525.15,3690
CTR-00097,ACC-00097,2026-01-01,2026-12-31,51470.81,3890
CTR-00098,ACC-00098,2026-01-01,2026-12-31,138798.91,9980
CTR-00099,ACC-00099,2026-01-01,2026-12-31,92053.55,6480
CTR-00100,ACC-00100,2026-01-01,2026-12-31,50471.69,4970
CTR-00101,ACC-00101,2026-01-01,2026-12-31,104745.32,8930
CTR-00102,ACC-00102,2026-01-01,2026-04-15,78272.71,6630
CTR-00103,ACC-00103,2026-01-01,2026-12-31,144069.56,12240
CTR-00104,ACC-00104,2026-01-01,2026-12-31,44737.3,3380
CTR-00105,ACC-00105,2026-01-01,2026-06-30,58141.59,4350
CTR-00106,ACC-00106,2026-01-01,2026-12-31,55576.98,3830
CTR-00107,ACC-00107,2026-01-01,2026-12-31,26253.1,2280
CTR-00108,ACC-00108,2026-01-01,2026-12-31,89974.74,7010
CTR-00109,ACC-00109,2026-01-01,2026-12-31,87793.14,7150
CTR-00110,ACC-00110,2026-01-01,2026-12-31,73392.68,5210
CTR-00111,ACC-00111,2026-01-01,2026-12-31,62055.78,5110
CTR-00112,ACC-00112,2026-01-01,2026-12-31,27152.94,2420
CTR-00113,ACC-00113,2026-01-01,2026-12-31,318852.5,21820
CTR-00114,ACC-00114,2026-01-01,2026-12-31,54477.78,4400
CTR-00115,ACC-00115,2026-01-01,2026-12-31,57532.19,4170
CTR-00116,ACC-00116,2026-01-01,2026-12-31,41706.23,3600
CTR-00117,ACC-00117,2026-01-01,2026-12-31,65323.03,5640
CTR-00118,ACC-00118,2026-01-01,2026-12-31,793513.36,71390
CTR-00119,ACC-00119,2026-01-01,2026-12-31,97035.83,8460
CTR-00120,ACC-00120,2026-01-01,2026-12-31,273848.45,21100
CTR-00121,ACC-00121,2026-01-01,2026-12-31,82636.31,7760
CTR-00122,ACC-00122,2026-01-01,2026-12-31,713384.15,63510
CTR-00123,ACC-00123,2026-01-01,2026-12-31,87578.01,7390
CTR-00124,ACC-00124,2026-01-01,2026-12-31,882893.23,81100
CTR-00125,ACC-00125,2026-01-01,2026-12-31,69417.05,5700
CTR-00126,ACC-00126,2026-01-01,2026-12-31,19088.86,1350
CTR-00127,ACC-00127,2026-01-01,2026-12-31,71785.68,6730
CTR-00128,ACC-00128,2026-01-01,2026-12-31,76279.63,7420
CTR-00129,ACC-00129,2026-01-01,2026-12-31,410146.41,33740
CTR-00130,ACC-00130,2026-01-01,2026-12-31,63917.43,5230
CTR-00131,ACC-00131,2026-01-01,2026-12-31,90317.19,8080
CTR-00132,ACC-00132,2026-01-01,2026-12-31,71374.92,6440
CTR-00133,ACC-00133,2026-01-01,2026-12-31,32271.04,2650
CTR-00134,ACC-00134,2026-01-01,2026-12-31,162750.88,12100
CTR-00135,ACC-00135,2026-01-01,2026-12-31,123791.39,9170
CTR-00136,ACC-00136,2026-01-01,2026-12-31,127226.26,12130
CTR-00137,ACC-00137,2026-01-01,2026-06-28,38693.57,3080
CTR-00138,ACC-00138,2026-01-01,2026-12-31,195234.37,17560
CTR-00139,ACC-00139,2026-01-01,2026-12-31,27411.13,2430
CTR-00140,ACC-00140,2026-01-01,2026-12-31,110282.44,10250
CTR-00141,ACC-00141,2026-01-01,2026-12-31,338852.08,32550
CTR-00142,ACC-00142,2026-01-01,2026-12-31,36556.88,2980
CTR-00143,ACC-00143,2026-01-01,2026-12-31,49197.18,3320
CTR-00144,ACC-00144,2026-01-01,2026-12-31,558967.34,43810
CTR-00145,ACC-00145,2026-01-01,2026-12-31,78413.86,6430
CTR-00146,ACC-00146,2026-01-01,2026-12-31,51408.92,3710
CTR-00147,ACC-00147,2026-01-01,2026-12-31,24699.43,2270
CTR-00148,ACC-00148,2026-01-01,2026-05-30,76725.86,5370
CTR-00149,ACC-00149,2026-01-01,2026-12-31,34765.73,3260
CTR-00150,ACC-00150,2026-01-01,2026-12-31,101876.31,9490
CTR-00151,ACC-00151,2026-01-01,2026-12-31,461815.32,40780
CTR-00152,ACC-00152,2026-01-01,2026-12-31,765080.11,64590
CTR-00153,ACC-00153,2026-01-01,2026-12-31,38422.67,3070
CTR-00154,ACC-00154,2026-01-01,2026-12-31,216415.2,17410
CTR-00155,ACC-00155,2026-01-01,2026-12-31,42265.34,3690
CTR-00156,ACC-00156,2026-01-01,2026-12-31,58369.98,4950
CTR-00157,ACC-00157,2026-01-01,2026-12-31,129244.61,12810
CTR-00158,ACC-00158,2026-01-01,2026-12-31,30896.4,2450
CTR-00159,ACC-00159,2026-01-01,2026-12-31,85752.62,6690
CTR-00160,ACC-00160,2026-01-01,2026-12-31,182590.26,17120
CTR-00161,ACC-00161,2026-01-01,2026-12-31,23736.32,2050
CTR-00162,ACC-00162,2026-01-01,2026-12-31,83220.06,7720
CTR-00163,ACC-00163,2026-01-01,2026-12-31,87721.12,7120
CTR-00164,ACC-00164,2026-01-01,2026-12-31,126408.75,11740
CTR-00165,ACC-00165,2026-01-01,2026-12-31,30765.05,2600
CTR-00166,ACC-00166,2026-01-01,2026-12-31,29018.25,2160
CTR-00167,ACC-00167,2026-01-01,2026-12-31,105383.26,9350
CTR-00168,ACC-00168,2026-01-01,2026-12-31,90029.19,6230
CTR-00169,ACC-00169,2026-01-01,2026-12-31,87146.42,8510
CTR-00170,ACC-00170,2026-01-01,2026-07-15,93201.0,8050
CTR-00171,ACC-00171,2026-01-01,2026-12-31,45432.49,3720
CTR-00172,ACC-00172,2026-01-01,2026-12-31,86040.86,7320
CTR-00173,ACC-00173,2026-01-01,2026-12-31,89782.98,8440
CTR-00174,ACC-00174,2026-01-01,2026-12-31,44353.82,3210
CTR-00175,ACC-00175,2026-01-01,2026-12-31,269963.53,26590
CTR-00176,ACC-00176,2026-01-01,2026-12-31,101893.46,7020
CTR-00177,ACC-00177,2026-01-01,2026-12-31,31763.96,2230
CTR-00178,ACC-00178,2026-01-01,2026-12-31,115796.26,10860
CTR-00179,ACC-00179,2026-01-01,2026-12-31,36964.85,3410
CTR-00180,ACC-00180,2026-01-01,2026-12-31,126875.2,10060
CTR-00181,ACC-00181,2026-01-01,2026-12-31,164557.76,13680
CTR-00182,ACC-00182,2026-01-01,2026-12-31,41172.36,3650
CTR-00183,ACC-00183,2026-01-01,2026-12-31,143539.18,10000
CTR-00184,ACC-00184,2026-01-01,2026-12-31,97630.64,9160
CTR-00185,ACC-00185,2026-01-01,2026-12-31,130019.81,12510
CTR-00186,ACC-00186,2026-01-01,2026-04-15,275889.33,24470
CTR-00187,ACC-00187,2026-01-01,2026-12-31,61588.37,5030
CTR-00188,ACC-00188,2026-01-01,2026-12-31,43147.71,3290
CTR-00189,ACC-00189,2026-01-01,2026-12-31,39235.6,3420
CTR-00190,ACC-00190,2026-01-01,2026-12-31,41313.01,3360
CTR-00191,ACC-00191,2026-01-01,2026-12-31,69288.12,5090
CTR-00192,ACC-00192,2026-01-01,2026-12-31,92856.11,8900
CTR-00193,ACC-00193,2026-01-01,2026-12-31,88759.31,6800
CTR-00194,ACC-00194,2026-01-01,2026-06-28,130486.92,11820
CTR-00195,ACC-00195,2026-01-01,2026-12-31,73799.06,7170
CTR-00196,ACC-00196,2026-01-01,2026-12-31,202293.29,20160
CTR-00197,ACC-00197,2026-01-01,2026-12-31,60763.24,5230
CTR-00198,ACC-00198,2026-01-01,2026-12-31,490960.24,42730
CTR-00199,ACC-00199,2026-01-01,2026-12-31,113319.57,9480
CTR-00200,ACC-00200,2026-01-01,2026-12-31,800963.88,76150
CTR-00201,ACC-00201,2026-01-01,2026-12-31,40134.42,2750
CTR-00202,ACC-00202,2026-01-01,2026-04-15,34557.34,3110
CTR-00203,ACC-00203,2026-01-01,2026-12-31,102511.54,9630
CTR-00204,ACC-00204,2026-01-01,2026-12-31,62540.9,4910
CTR-00205,ACC-00205,2026-01-01,2026-12-31,120547.64,11490
CTR-00206,ACC-00206,2026-01-01,2026-12-31,812691.76,60550
CTR-00207,ACC-00207,2026-01-01,2026-12-31,101851.01,9170
CTR-00208,ACC-00208,2026-01-01,2026-12-31,69495.67,5540
CTR-00209,ACC-00209,2026-01-01,2026-12-31,40426.65,3120
CTR-00210,ACC-00210,2026-01-01,2026-12-31,25326.51,2010
CTR-00211,ACC-00211,2026-01-01,2026-12-31,53500.14,4240
CTR-00212,ACC-00212,2026-01-01,2026-12-31,133182.97,11290
CTR-00213,ACC-00213,2026-01-01,2026-12-31,84954.03,7530
CTR-00214,ACC-00214,2026-01-01,2026-12-31,30576.37,2520
CTR-00215,ACC-00215,2026-01-01,2026-12-31,82555.55,6020
CTR-00216,ACC-00216,2026-01-01,2026-12-31,95771.67,7610
CTR-00217,ACC-00217,2026-01-01,2026-12-31,39391.28,3830
CTR-00218,ACC-00218,2026-01-01,2026-12-31,795975.75,57150
CTR-00219,ACC-00219,2026-01-01,2026-12-31,898346.43,79950
CTR-00220,ACC-00220,2026-01-01,2026-12-31,81438.84,5790
CTR-00221,ACC-00221,2026-01-01,2026-12-31,76171.76,5260
CTR-00222,ACC-00222,2026-01-01,2026-12-31,32857.02,2200
CTR-00223,ACC-00223,2026-01-01,2026-12-31,93943.72,8520
CTR-00224,ACC-00224,2026-01-01,2026-12-31,108287.95,8970
CTR-00225,ACC-00225,2026-01-01,2026-12-31,156081.86,12670
CTR-00226,ACC-00226,2026-01-01,2026-12-31,152918.66,15240
CTR-00227,ACC-00227,2026-01-01,2026-12-31,27879.07,1930
CTR-00228,ACC-00228,2026-01-01,2026-12-31,37930.94,3340
CTR-00229,ACC-00229,2026-01-01,2026-12-31,104875.03,8440
CTR-00230,ACC-00230,2026-01-01,2026-12-31,104783.35,8570
CTR-00231,ACC-00231,2026-01-01,2026-12-31,104875.94,9740
CTR-00232,ACC-00232,2026-01-01,2026-12-31,1084806.34,94170
CTR-00233,ACC-00233,2026-01-01,2026-12-31,109056.72,8810
CTR-00234,ACC-00234,2026-01-01,2026-12-31,161926.2,11760
CTR-00235,ACC-00235,2026-01-01,2026-12-31,142600.35,11920
CTR-00236,ACC-00236,2026-01-01,2026-12-31,115378.57,9810
CTR-00237,ACC-00237,2026-01-01,2026-12-31,58648.16,4780
CTR-00238,ACC-00238,2026-01-01,2026-12-31,480949.7,35040
CTR-00239,ACC-00239,2026-01-01,2026-12-31,124402.61,10800
CTR-00240,ACC-00240,2026-01-01,2026-12-31,42574.99,3650
CTR-00241,ACC-00241,2026-01-01,2026-12-31,61958.93,5870
CTR-00242,ACC-00242,2026-01-01,2026-12-31,52064.86,3880
CTR-00243,ACC-00243,2026-01-01,2026-12-31,576123.72,46290
CTR-00244,ACC-00244,2026-01-01,2026-12-31,77444.12,6570
CTR-00245,ACC-00245,2026-01-01,2026-12-31,369631.19,29160
CTR-00246,ACC-00246,2026-01-01,2026-12-31,19789.65,1960
CTR-00247,ACC-00247,2026-01-01,2026-12-31,118229.41,10120
CTR-00248,ACC-00248,2026-01-01,2026-12-31,23649.54,2130
CTR-00249,ACC-00249,2026-01-01,2026-12-31,52556.69,3700
CTR-00250,ACC-00250,2026-01-01,2026-12-31,156727.74,12960
CTR-00251,ACC-00251,2026-01-01,2026-12-31,76496.17,6860
CTR-00252,ACC-00252,2026-01-01,2026-12-31,34391.98,2450
CTR-00253,ACC-00253,2026-01-01,2026-12-31,44324.26,4030
CTR-00254,ACC-00254,2026-01-01,2026-12-31,117679.3,11700
CTR-00255,ACC-00255,2026-01-01,2026-12-31,43859.36,4360
CTR-00256,ACC-00256,2026-01-01,2026-12-31,85094.78,7880
CTR-00257,ACC-00257,2026-01-01,2026-12-31,75500.93,6200
CTR-00258,ACC-00258,2026-01-01,2026-12-31,46345.51,3210
CTR-00259,ACC-00259,2026-01-01,2026-12-31,327997.37,31590
CTR-00260,ACC-00260,2026-01-01,2026-12-31,113976.02,7930
CTR-00261,ACC-00261,2026-01-01,2026-12-31,17719.13,1460
CTR-00262,ACC-00262,2026-01-01,2026-12-31,83326.18,7610
CTR-00263,ACC-00263,2026-01-01,2026-12-31,46016.23,4540
CTR-00264,ACC-00264,2026-01-01,2026-12-31,132813.79,9190
CTR-00265,ACC-00265,2026-01-01,2026-12-31,661896.98,61730
CTR-00266,ACC-00266,2026-01-01,2026-12-31,41992.05,3230
CTR-00267,ACC-00267,2026-01-01,2026-12-31,67486.61,4610
CTR-00268,ACC-00268,2026-01-01,2026-12-31,104139.97,8130
CTR-00269,ACC-00269,2026-01-01,2026-12-31,134058.11,12410
CTR-00270,ACC-00270,2026-01-01,2026-12-31,31564.63,2590
CTR-00271,ACC-00271,2026-01-01,2026-12-31,57863.91,4840
CTR-00272,ACC-00272,2026-01-01,2026-12-31,555001.05,50570
CTR-00273,ACC-00273,2026-01-01,2026-12-31,52445.94,4230
CTR-00274,ACC-00274,2026-01-01,2026-12-31,46289.46,4560
CTR-00275,ACC-00275,2026-01-01,2026-12-31,251655.9,23470
CTR-00276,ACC-00276,2026-01-01,2026-12-31,97099.08,7400
CTR-00277,ACC-00277,2026-01-01,2026-12-31,30253.93,2050
CTR-00278,ACC-00278,2026-01-01,2026-06-30,139038.11,12900
CTR-00279,ACC-00279,2026-01-01,2026-12-31,323032.86,24330
CTR-00280,ACC-00280,2026-01-01,2026-12-31,150651.68,13200
CTR-00281,ACC-00281,2026-01-01,2026-12-31,25246.45,2160
CTR-00282,ACC-00282,2026-01-01,2026-12-31,52106.04,4460
CTR-00283,ACC-00283,2026-01-01,2026-12-31,177519.87,15710
CTR-00284,ACC-00284,2026-01-01,2026-12-31,44561.76,3400
CTR-00285,ACC-00285,2026-01-01,2026-12-31,99775.07,9100
CTR-00286,ACC-00286,2026-01-01,2026-12-31,125774.24,8490
CTR-00287,ACC-00287,2026-01-01,2026-12-31,38221.32,3160
CTR-00288,ACC-00288,2026-01-01,2026-12-31,70145.87,4970
CTR-00289,ACC-00289,2026-01-01,2026-12-31,15000.0,1030
CTR-00290,ACC-00290,2026-01-01,2026-12-31,35700.81,3310
CTR-00291,ACC-00291,2026-01-01,2026-12-31,61279.6,4600
CTR-00292,ACC-00292,2026-01-01,2026-12-31,30532.65,2660
CTR-00293,ACC-00293,2026-01-01,2026-12-31,229277.4,17380
CTR-00294,ACC-00294,2026-01-01,2026-06-15,26873.64,2450
CTR-00295,ACC-00295,2026-01-01,2026-12-31,53743.01,4660
CTR-00296,ACC-00296,2026-01-01,2026-12-31,80139.04,7770
CTR-00297,ACC-00297,2026-01-01,2026-12-31,200564.53,18310
CTR-00298,ACC-00298,2026-01-01,2026-12-31,678451.17,53590
CTR-00299,ACC-00299,2026-01-01,2026-12-31,26766.24,1940
CTR-00300,ACC-00300,2026-01-01,2026-12-31,165084.81,15310
CTR-00301,ACC-00301,2026-01-01,2026-12-31,403527.32,29330
CTR-00302,ACC-00302,2026-01-01,2026-12-31,73656.17,6200
CTR-00303,ACC-00303,2026-01-01,2026-12-31,36788.62,2490
CTR-00304,ACC-00304,2026-01-01,2026-12-31,889646.58,87990
CTR-00305,ACC-00305,2026-01-01,2026-12-31,101060.28,8740
CTR-00306,ACC-00306,2026-01-01,2026-12-31,84064.68,7900
CTR-00307,ACC-00307,2026-01-01,2026-12-31,48042.83,4540
CTR-00308,ACC-00308,2026-01-01,2026-12-31,739294.84,59460
CTR-00309,ACC-00309,2026-01-01,2026-12-31,76792.44,6100
CTR-00310,ACC-00310,2026-01-01,2026-12-31,55841.94,4950
CTR-00311,ACC-00311,2026-01-01,2026-12-31,79178.66,7190
CTR-00312,ACC-00312,2026-01-01,2026-12-31,116249.2,8390
CTR-00313,ACC-00313,2026-01-01,2026-12-31,625542.31,59250
CTR-00314,ACC-00314,2026-01-01,2026-12-31,221950.97,15190
CTR-00315,ACC-00315,2026-01-01,2026-12-31,30746.43,2320
CTR-00316,ACC-00316,2026-01-01,2026-12-31,325501.83,30590
CTR-00317,ACC-00317,2026-01-01,2026-12-31,18648.83,1270
CTR-00318,ACC-00318,2026-01-01,2026-12-31,65758.91,5400
CTR-00319,ACC-00319,2026-01-01,2026-12-31,559550.76,46180
CTR-00320,ACC-00320,2026-01-01,2026-05-28,110395.21,9870
CTR-00321,ACC-00321,2026-01-01,2026-12-31,89026.94,7090
CTR-00322,ACC-00322,2026-01-01,2026-12-31,47292.66,3560
CTR-00323,ACC-00323,2026-01-01,2026-12-31,63216.11,5330
CTR-00324,ACC-00324,2026-01-01,2026-12-31,51787.25,4200
CTR-00325,ACC-00325,2026-01-01,2026-12-31,48409.18,3690
CTR-00326,ACC-00326,2026-01-01,2026-12-31,132550.83,12350
CTR-00327,ACC-00327,2026-01-01,2026-12-31,498302.66,38460
CTR-00328,ACC-00328,2026-01-01,2026-12-31,93892.97,7910
CTR-00329,ACC-00329,2026-01-01,2026-12-31,45024.55,4430
CTR-00330,ACC-00330,2026-01-01,2026-12-31,137272.04,9590
CTR-00331,ACC-00331,2026-01-01,2026-12-31,90681.59,7650
CTR-00332,ACC-00332,2026-01-01,2026-12-31,129185.35,10130
CTR-00333,ACC-00333,2026-01-01,2026-12-31,113634.24,10770
CTR-00334,ACC-00334,2026-01-01,2026-12-31,40933.48,3560
CTR-00335,ACC-00335,2026-01-01,2026-12-31,49408.28,4360
CTR-00336,ACC-00336,2026-01-01,2026-12-31,123390.02,9340
CTR-00337,ACC-00337,2026-01-01,2026-12-31,425711.98,39760
CTR-00338,ACC-00338,2026-01-01,2026-12-31,112112.62,8420
CTR-00339,ACC-00339,2026-01-01,2026-12-31,72068.25,6200
CTR-00340,ACC-00340,2026-01-01,2026-12-31,79390.12,6510
CTR-00341,ACC-00341,2026-01-01,2026-12-31,178861.21,15950
CTR-00342,ACC-00342,2026-01-01,2026-12-31,48334.46,3610
CTR-00343,ACC-00343,2026-01-01,2026-12-31,107255.4,9550
CTR-00344,ACC-00344,2026-01-01,2026-12-31,63479.05,5860
CTR-00345,ACC-00345,2026-01-01,2026-12-31,62794.52,5270
CTR-00346,ACC-00346,2026-01-01,2026-12-31,157809.49,14080
CTR-00347,ACC-00347,2026-01-01,2026-12-31,130325.63,13000
CTR-00348,ACC-00348,2026-01-01,2026-12-31,453625.39,30400
CTR-00349,ACC-00349,2026-01-01,2026-12-31,129243.92,8650
CTR-00350,ACC-00350,2026-01-01,2026-12-31,182377.71,12570
CTR-00351,ACC-00351,2026-01-01,2026-12-31,74213.6,5960
CTR-00352,ACC-00352,2026-01-01,2026-12-31,117873.47,9920
CTR-00353,ACC-00353,2026-01-01,2026-12-31,58853.89,5260
CTR-00354,ACC-00354,2026-01-01,2026-12-31,91758.6,7190
CTR-00355,ACC-00355,2026-01-01,2026-12-31,721412.93,54150
CTR-00356,ACC-00356,2026-01-01,2026-12-31,66762.7,4520
CTR-00357,ACC-00357,2026-01-01,2026-04-15,78268.24,7660
CTR-00358,ACC-00358,2026-01-01,2026-12-31,110925.04,9820
CTR-00359,ACC-00359,2026-01-01,2026-12-31,41243.36,3890
CTR-00360,ACC-00360,2026-01-01,2026-12-31,316371.08,31110
CTR-00361,ACC-00361,2026-01-01,2026-12-31,36162.86,3180
CTR-00362,ACC-00362,2026-01-01,2026-12-31,710248.82,50190
CTR-00363,ACC-00363,2026-01-01,2026-12-31,31259.17,2970
CTR-00364,ACC-00364,2026-01-01,2026-12-31,164501.93,11670
CTR-00365,ACC-00365,2026-01-01,2026-12-31,127282.45,11270
CTR-00366,ACC-00366,2026-01-01,2026-12-31,113196.88,10940
CTR-00367,ACC-00367,2026-01-01,2026-12-31,113532.21,9710
CTR-00368,ACC-00368,2026-01-01,2026-12-31,72506.19,7170
CTR-00369,ACC-00369,2026-01-01,2026-12-31,39023.6,3760
CTR-00370,ACC-00370,2026-01-01,2026-12-31,77115.78,6920
CTR-00371,ACC-00371,2026-01-01,2026-12-31,45523.63,3410
CTR-00372,ACC-00372,2026-01-01,2026-12-31,144724.01,11900
CTR-00373,ACC-00373,2026-01-01,2026-12-31,65976.89,6450
CTR-00374,ACC-00374,2026-01-01,2026-12-31,41033.82,3600
CTR-00375,ACC-00375,2026-01-01,2026-12-31,58397.59,5680
CTR-00376,ACC-00376,2026-01-01,2026-12-31,97640.93,7400
CTR-00377,ACC-00377,2026-01-01,2026-12-31,49285.88,3980
CTR-00378,ACC-00378,2026-01-01,2026-12-31,41128.05,3980
CTR-00379,ACC-00379,2026-01-01,2026-12-31,86732.25,8000
CTR-00380,ACC-00380,2026-01-01,2026-12-31,86809.96,6720
CTR-00381,ACC-00381,2026-01-01,2026-12-31,51284.29,3690
CTR-00382,ACC-00382,2026-01-01,2026-12-31,52589.58,3630
CTR-00383,ACC-00383,2026-01-01,2026-12-31,86028.59,7960
CTR-00384,ACC-00384,2026-01-01,2026-12-31,26538.21,2100
CTR-00385,ACC-00385,2026-01-01,2026-12-31,27303.64,2120
CTR-00386,ACC-00386,2026-01-01,2026-12-31,44226.92,3030
CTR-00387,ACC-00387,2026-01-01,2026-12-31,62980.91,6200
CTR-00388,ACC-00388,2026-01-01,2026-12-31,90910.91,6860
CTR-00389,ACC-00389,2026-01-01,2026-12-31,205407.14,16710
CTR-00390,ACC-00390,2026-01-01,2026-12-31,133300.56,11070
CTR-00391,ACC-00391,2026-01-01,2026-12-31,65384.66,6380
CTR-00392,ACC-00392,2026-01-01,2026-12-31,72163.43,6270
CTR-00393,ACC-00393,2026-01-01,2026-12-31,36251.26,2630
CTR-00394,ACC-00394,2026-01-01,2026-12-31,72188.84,5990
CTR-00395,ACC-00395,2026-01-01,2026-05-30,59750.87,5510
CTR-00396,ACC-00396,2026-01-01,2026-12-31,91665.65,6770
CTR-00397,ACC-00397,2026-01-01,2026-12-31,40984.05,3610
CTR-00398,ACC-00398,2026-01-01,2026-12-31,105192.0,10210
CTR-00399,ACC-00399,2026-01-01,2026-12-31,213825.86,19350
CTR-00400,ACC-00400,2026-01-01,2026-12-31,67769.53,4750
CTR-00401,ACC-00401,2026-01-01,2026-12-31,297397.68,25490
CTR-00402,ACC-00402,2026-01-01,2026-12-31,96877.08,7260
CTR-00403,ACC-00403,2026-01-01,2026-12-31,539823.33,52120
CTR-00404,ACC-00404,2026-01-01,2026-12-31,118551.27,8490
CTR-00405,ACC-00405,2026-01-01,2026-12-31,55223.6,4860
CTR-00406,ACC-00406,2026-01-01,2026-12-31,85550.72,8360
CTR-00407,ACC-00407,2026-01-01,2026-12-31,73777.91,6550
CTR-00408,ACC-00408,2026-01-01,2026-12-31,423183.71,38080
CTR-00409,ACC-00409,2026-01-01,2026-12-31,78305.51,7580
CTR-00410,ACC-00410,2026-01-01,2026-12-31,623516.16,52270
CTR-00411,ACC-00411,2026-01-01,2026-12-31,42569.49,4170
CTR-00412,ACC-00412,2026-01-01,2026-12-31,74395.98,6170
CTR-00413,ACC-00413,2026-01-01,2026-12-31,103631.73,8410
CTR-00414,ACC-00414,2026-01-01,2026-12-31,201955.07,19140
CTR-00415,ACC-00415,2026-01-01,2026-12-31,143127.28,13260
CTR-00416,ACC-00416,2026-01-01,2026-12-31,330125.35,30650
CTR-00417,ACC-00417,2026-01-01,2026-12-31,42738.55,3610
CTR-00418,ACC-00418,2026-01-01,2026-12-31,134675.63,8990
CTR-00419,ACC-00419,2026-01-01,2026-07-15,83144.84,7110
CTR-00420,ACC-00420,2026-01-01,2026-12-31,338697.3,33130
CTR-00421,ACC-00421,2026-01-01,2026-12-31,41530.82,3260
CTR-00422,ACC-00422,2026-01-01,2026-12-31,40627.27,3630
CTR-00423,ACC-00423,2026-01-01,2026-12-31,48070.56,3840
CTR-00424,ACC-00424,2026-01-01,2026-12-31,16535.63,1450
CTR-00425,ACC-00425,2026-01-01,2026-12-31,50613.39,4990
CTR-00426,ACC-00426,2026-01-01,2026-12-31,42985.03,2990
CTR-00427,ACC-00427,2026-01-01,2026-12-31,81249.15,6860
CTR-00428,ACC-00428,2026-01-01,2026-12-31,92895.38,9160
CTR-00429,ACC-00429,2026-01-01,2026-12-31,271935.34,18850
CTR-00430,ACC-00430,2026-01-01,2026-12-31,142243.65,11660
CTR-00431,ACC-00431,2026-01-01,2026-12-31,48833.29,4500
CTR-00432,ACC-00432,2026-01-01,2026-12-31,38991.92,3440
CTR-00433,ACC-00433,2026-01-01,2026-12-31,103191.67,7480
CTR-00434,ACC-00434,2026-01-01,2026-12-31,29022.79,1970
CTR-00435,ACC-00435,2026-01-01,2026-12-31,263556.0,20940
CTR-00436,ACC-00436,2026-01-01,2026-12-31,166976.45,12190
CTR-00437,ACC-00437,2026-01-01,2026-12-31,52658.19,4730
CTR-00438,ACC-00438,2026-01-01,2026-04-30,22044.22,1970
CTR-00439,ACC-00439,2026-01-01,2026-12-31,188661.68,15630
CTR-00440,ACC-00440,2026-01-01,2026-12-31,67495.9,6490
CTR-00441,ACC-00441,2026-01-01,2026-12-31,173941.0,14130
CTR-00442,ACC-00442,2026-01-01,2026-12-31,23954.24,1740
CTR-00443,ACC-00443,2026-01-01,2026-04-15,48071.15,3240
CTR-00444,ACC-00444,2026-01-01,2026-12-31,73399.37,7330
CTR-00445,ACC-00445,2026-01-01,2026-12-31,75575.42,5630
CTR-00446,ACC-00446,2026-01-01,2026-07-15,53367.34,4960
CTR-00447,ACC-00447,2026-01-01,2026-12-31,113096.3,9960
CTR-00448,ACC-00448,2026-01-01,2026-12-31,34636.58,2880
CTR-00449,ACC-00449,2026-01-01,2026-12-31,66193.29,6540
CTR-00450,ACC-00450,2026-01-01,2026-12-31,79555.24,7450
CTR-00451,ACC-00451,2026-01-01,2026-12-31,878273.19,59030
CTR-00452,ACC-00452,2026-01-01,2026-12-31,104831.25,8170
CTR-00453,ACC-00453,2026-01-01,2026-12-31,120346.51,9370
CTR-00454,ACC-00454,2026-01-01,2026-12-31,33281.29,3010
CTR-00455,ACC-00455,2026-01-01,2026-12-31,513580.11,37860
CTR-00456,ACC-00456,2026-01-01,2026-07-30,24987.23,2390
CTR-00457,ACC-00457,2026-01-01,2026-12-31,598764.91,54700
CTR-00458,ACC-00458,2026-01-01,2026-12-31,178862.7,13310
CTR-00459,ACC-00459,2026-01-01,2026-12-31,92283.42,6370
CTR-00460,ACC-00460,2026-01-01,2026-12-31,43306.56,3940
CTR-00461,ACC-00461,2026-01-01,2026-12-31,216599.73,17960
CTR-00462,ACC-00462,2026-01-01,2026-12-31,79298.32,5330
CTR-00463,ACC-00463,2026-01-01,2026-12-31,166959.75,16170
CTR-00464,ACC-00464,2026-01-01,2026-12-31,76669.78,6690
CTR-00465,ACC-00465,2026-01-01,2026-12-31,309441.26,23130
CTR-00466,ACC-00466,2026-01-01,2026-12-31,249880.63,22060
CTR-00467,ACC-00467,2026-01-01,2026-12-31,61434.39,4120
CTR-00468,ACC-00468,2026-01-01,2026-12-31,144364.94,12660
CTR-00469,ACC-00469,2026-01-01,2026-12-31,114893.76,11120
CTR-00470,ACC-00470,2026-01-01,2026-12-31,190620.93,17920
CTR-00471,ACC-00471,2026-01-01,2026-12-31,37218.22,2600
CTR-00472,ACC-00472,2026-01-01,2026-12-31,118212.13,10280
CTR-00473,ACC-00473,2026-01-01,2026-12-31,153414.26,14490
CTR-00474,ACC-00474,2026-01-01,2026-12-31,291572.45,27380
CTR-00475,ACC-00475,2026-01-01,2026-12-31,21351.61,1500
CTR-00476,ACC-00476,2026-01-01,2026-12-31,31943.34,2760
CTR-00477,ACC-00477,2026-01-01,2026-12-31,17545.23,1520
CTR-00478,ACC-00478,2026-01-01,2026-04-15,60561.53,4890
CTR-00479,ACC-00479,2026-01-01,2026-12-31,120846.88,11320
CTR-00480,ACC-00480,2026-01-01,2026-12-31,209326.38,20800
CTR-00481,ACC-00481,2026-01-01,2026-12-31,77023.54,6870
CTR-00482,ACC-00482,2026-01-01,2026-12-31,228669.01,17710
CTR-00483,ACC-00483,2026-01-01,2026-12-31,27831.65,2760
CTR-00484,ACC-00484,2026-01-01,2026-12-31,22195.22,1900
CTR-00485,ACC-00485,2026-01-01,2026-05-28,70341.46,6650
CTR-00486,ACC-00486,2026-01-01,2026-12-31,95687.77,8900
CTR-00487,ACC-00487,2026-01-01,2026-12-31,71475.76,6580
CTR-00488,ACC-00488,2026-01-01,2026-12-31,17202.17,1480
CTR-00489,ACC-00489,2026-01-01,2026-12-31,68707.66,5340
CTR-00490,ACC-00490,2026-01-01,2026-12-31,328484.57,23440
CTR-00491,ACC-00491,2026-01-01,2026-12-31,29344.82,2360
CTR-00492,ACC-00492,2026-01-01,2026-12-31,116864.54,10500
CTR-00493,ACC-00493,2026-01-01,2026-12-31,94524.92,8040
CTR-00494,ACC-00494,2026-01-01,2026-12-31,37876.42,3070
CTR-00495,ACC-00495,2026-01-01,2026-12-31,51036.34,4970
CTR-00496,ACC-00496,2026-01-01,2026-04-15,34841.01,2430
CTR-00497,ACC-00497,2026-01-01,2026-12-31,69991.19,6640
CTR-00498,ACC-00498,2026-01-01,2026-12-31,142714.25,12420
CTR-00499,ACC-00499,2026-01-01,2026-12-31,36680.18,3390
CTR-00500,ACC-00500,2026-01-01,2026-12-31,104071.41,6990
CTR-00501,ACC-00501,2026-01-01,2026-12-31,50454.12,4180
CTR-00502,ACC-00502,2026-01-01,2026-12-31,41981.7,2800
CTR-00503,ACC-00503,2026-01-01,2026-12-31,366618.36,25530
CTR-00504,ACC-00504,2026-01-01,2026-12-31,67851.63,5990
CTR-00505,ACC-00505,2026-01-01,2026-12-31,35430.57,3400
CTR-00506,ACC-00506,2026-01-01,2026-12-31,49634.7,3990
CTR-00507,ACC-00507,2026-01-01,2026-12-31,31618.11,2950
CTR-00508,ACC-00508,2026-01-01,2026-12-31,752165.76,67500
CTR-00509,ACC-00509,2026-01-01,2026-12-31,289325.49,21270
CTR-00510,ACC-00510,2026-01-01,2026-12-31,74958.09,6590
CTR-00511,ACC-00511,2026-01-01,2026-12-31,44810.25,3760
CTR-00512,ACC-00512,2026-01-01,2026-12-31,84947.27,6820
CTR-00513,ACC-00513,2026-01-01,2026-12-31,67600.48,6620
CTR-00514,ACC-00514,2026-01-01,2026-12-31,62650.15,5450
CTR-00515,ACC-00515,2026-01-01,2026-12-31,112410.96,7630
CTR-00516,ACC-00516,2026-01-01,2026-12-31,124275.41,9030
CTR-00517,ACC-00517,2026-01-01,2026-12-31,50445.52,4200
CTR-00518,ACC-00518,2026-01-01,2026-12-31,48870.4,4800
CTR-00519,ACC-00519,2026-01-01,2026-12-31,60322.7,5280
CTR-00520,ACC-00520,2026-01-01,2026-12-31,15000.0,1390
CTR-00521,ACC-00521,2026-01-01,2026-12-31,25320.41,1980
CTR-00522,ACC-00522,2026-01-01,2026-12-31,190386.59,12720
CTR-00523,ACC-00523,2026-01-01,2026-12-31,231301.52,17230
CTR-00524,ACC-00524,2026-01-01,2026-12-31,61431.3,4330
CTR-00525,ACC-00525,2026-01-01,2026-12-31,109490.15,9230
CTR-00526,ACC-00526,2026-01-01,2026-12-31,312194.51,24570
CTR-00527,ACC-00527,2026-01-01,2026-12-31,90932.71,8360
CTR-00528,ACC-00528,2026-01-01,2026-12-31,600819.84,44440
CTR-00529,ACC-00529,2026-01-01,2026-12-31,631098.08,58270
CTR-00530,ACC-00530,2026-01-01,2026-12-31,160123.78,14190
CTR-00531,ACC-00531,2026-01-01,2026-12-31,66866.79,5070
CTR-00532,ACC-00532,2026-01-01,2026-12-31,37463.47,2730
CTR-00533,ACC-00533,2026-01-01,2026-12-31,23753.56,2210
CTR-00534,ACC-00534,2026-01-01,2026-12-31,84324.23,7540
CTR-00535,ACC-00535,2026-01-01,2026-12-31,43068.82,4260
CTR-00536,ACC-00536,2026-01-01,2026-12-31,27022.43,2220
CTR-00537,ACC-00537,2026-01-01,2026-12-31,46508.9,3370
CTR-00538,ACC-00538,2026-01-01,2026-12-31,34300.54,3050
CTR-00539,ACC-00539,2026-01-01,2026-12-31,238231.73,16220
CTR-00540,ACC-00540,2026-01-01,2026-12-31,135557.05,11950
CTR-00541,ACC-00541,2026-01-01,2026-12-31,72723.45,5530
CTR-00542,ACC-00542,2026-01-01,2026-07-28,206067.88,16030
CTR-00543,ACC-00543,2026-01-01,2026-12-31,77200.24,7210
CTR-00544,ACC-00544,2026-01-01,2026-12-31,40018.66,3670
CTR-00545,ACC-00545,2026-01-01,2026-12-31,212391.56,14460
CTR-00546,ACC-00546,2026-01-01,2026-12-31,731270.98,71290
CTR-00547,ACC-00547,2026-01-01,2026-12-31,106642.46,7730
CTR-00548,ACC-00548,2026-01-01,2026-12-31,35380.91,3280
CTR-00549,ACC-00549,2026-01-01,2026-12-31,64007.97,5300
CTR-00550,ACC-00550,2026-01-01,2026-12-31,39619.12,2790
CTR-00551,ACC-00551,2026-01-01,2026-12-31,27779.13,2680
CTR-00552,ACC-00552,2026-01-01,2026-12-31,139849.8,12680
CTR-00553,ACC-00553,2026-01-01,2026-12-31,278338.05,24050
CTR-00554,ACC-00554,2026-01-01,2026-12-31,27474.2,2130
CTR-00555,ACC-00555,2026-01-01,2026-12-31,108453.68,7940
CTR-00556,ACC-00556,2026-01-01,2026-12-31,46376.6,4130
CTR-00557,ACC-00557,2026-01-01,2026-12-31,52000.69,4030
CTR-00558,ACC-00558,2026-01-01,2026-12-31,48306.64,4470
CTR-00559,ACC-00559,2026-01-01,2026-12-31,39942.91,3090
CTR-00560,ACC-00560,2026-01-01,2026-12-31,75656.99,5290
CTR-00561,ACC-00561,2026-01-01,2026-12-31,40877.49,3730
CTR-00562,ACC-00562,2026-01-01,2026-12-31,88372.82,8450
CTR-00563,ACC-00563,2026-01-01,2026-07-15,70603.38,4870
CTR-00564,ACC-00564,2026-01-01,2026-12-31,61866.64,5330
CTR-00565,ACC-00565,2026-01-01,2026-12-31,38743.0,2650
CTR-00566,ACC-00566,2026-01-01,2026-12-31,48837.81,3960
CTR-00567,ACC-00567,2026-01-01,2026-12-31,124091.42,9160
CTR-00568,ACC-00568,2026-01-01,2026-12-31,103843.69,9030
CTR-00569,ACC-00569,2026-01-01,2026-12-31,36890.57,2670
CTR-00570,ACC-00570,2026-01-01,2026-12-31,78396.35,6200
CTR-00571,ACC-00571,2026-01-01,2026-12-31,123744.1,10130
CTR-00572,ACC-00572,2026-01-01,2026-12-31,22729.44,1660
CTR-00573,ACC-00573,2026-01-01,2026-12-31,106975.18,8410
CTR-00574,ACC-00574,2026-01-01,2026-12-31,45989.27,3470
CTR-00575,ACC-00575,2026-01-01,2026-12-31,109034.44,8480
CTR-00576,ACC-00576,2026-01-01,2026-12-31,42861.04,2900
CTR-00577,ACC-00577,2026-01-01,2026-12-31,619632.79,47100
CTR-00578,ACC-00578,2026-01-01,2026-04-28,20672.97,1690
CTR-00579,ACC-00579,2026-01-01,2026-12-31,23405.36,1690
CTR-00580,ACC-00580,2026-01-01,2026-12-31,75633.87,5900
CTR-00581,ACC-00581,2026-01-01,2026-12-31,87711.28,8430
CTR-00582,ACC-00582,2026-01-01,2026-12-31,38831.16,3370
CTR-00583,ACC-00583,2026-01-01,2026-12-31,763205.53,67110
CTR-00584,ACC-00584,2026-01-01,2026-12-31,114349.49,9950
CTR-00585,ACC-00585,2026-01-01,2026-12-31,22855.25,1650
CTR-00586,ACC-00586,2026-01-01,2026-12-31,69824.77,6910
CTR-00587,ACC-00587,2026-01-01,2026-12-31,31328.66,2980
CTR-00588,ACC-00588,2026-01-01,2026-12-31,46337.87,3220
CTR-00589,ACC-00589,2026-01-01,2026-12-31,75597.54,7190
CTR-00590,ACC-00590,2026-01-01,2026-12-31,40043.06,3320
CTR-00591,ACC-00591,2026-01-01,2026-12-31,55871.58,5570
CTR-00592,ACC-00592,2026-01-01,2026-12-31,147916.76,12770
CTR-00593,ACC-00593,2026-01-01,2026-12-31,794042.87,60320
CTR-00594,ACC-00594,2026-01-01,2026-12-31,48833.69,4440
CTR-00595,ACC-00595,2026-01-01,2026-12-31,131266.45,11970
CTR-00596,ACC-00596,2026-01-01,2026-12-31,33163.5,2480
CTR-00597,ACC-00597,2026-01-01,2026-12-31,462742.37,39780
CTR-00598,ACC-00598,2026-01-01,2026-12-31,105964.87,10210
CTR-00599,ACC-00599,2026-01-01,2026-12-31,200605.99,17330
CTR-00600,ACC-00600,2026-01-01,2026-12-31,15000.0,1070
CTR-00601,ACC-00601,2026-01-01,2026-12-31,622905.51,41630
CTR-00602,ACC-00602,2026-01-01,2026-12-31,41863.66,4150
CTR-00603,ACC-00603,2026-01-01,2026-12-31,109529.64,7440
CTR-00604,ACC-00604,2026-01-01,2026-12-31,555924.21,51300
CTR-00605,ACC-00605,2026-01-01,2026-12-31,63441.17,4300
CTR-00606,ACC-00606,2026-01-01,2026-12-31,94826.3,8000
CTR-00607,ACC-00607,2026-01-01,2026-12-31,47916.27,3950
CTR-00608,ACC-00608,2026-01-01,2026-12-31,77700.18,7240
CTR-00609,ACC-00609,2026-01-01,2026-12-31,65579.99,6160
CTR-00610,ACC-00610,2026-01-01,2026-12-31,165619.36,13530
CTR-00611,ACC-00611,2026-01-01,2026-12-31,87386.37,6520
CTR-00612,ACC-00612,2026-01-01,2026-12-31,92625.69,7890
CTR-00613,ACC-00613,2026-01-01,2026-12-31,54813.19,3670
CTR-00614,ACC-00614,2026-01-01,2026-12-31,51983.19,4730
CTR-00615,ACC-00615,2026-01-01,2026-12-31,54025.38,5310
CTR-00616,ACC-00616,2026-01-01,2026-12-31,96386.02,6850
CTR-00617,ACC-00617,2026-01-01,2026-12-31,54464.85,4160
CTR-00618,ACC-00618,2026-01-01,2026-12-31,89575.97,7900
CTR-00619,ACC-00619,2026-01-01,2026-12-31,308974.18,25530
CTR-00620,ACC-00620,2026-01-01,2026-12-31,312631.53,24010
CTR-00621,ACC-00621,2026-01-01,2026-12-31,134562.94,12120
CTR-00622,ACC-00622,2026-01-01,2026-12-31,58208.32,5540
CTR-00623,ACC-00623,2026-01-01,2026-12-31,735736.35,49640
CTR-00624,ACC-00624,2026-01-01,2026-12-31,169540.95,13870
CTR-00625,ACC-00625,2026-01-01,2026-12-31,54959.25,5070
CTR-00626,ACC-00626,2026-01-01,2026-12-31,17558.84,1680
CTR-00627,ACC-00627,2026-01-01,2026-12-31,36110.52,2890
CTR-00628,ACC-00628,2026-01-01,2026-12-31,19740.86,1830
CTR-00629,ACC-00629,2026-01-01,2026-12-31,57178.92,4510
CTR-00630,ACC-00630,2026-01-01,2026-12-31,74079.41,6080
CTR-00631,ACC-00631,2026-01-01,2026-12-31,236453.33,20750
CTR-00632,ACC-00632,2026-01-01,2026-12-31,91936.11,8760
CTR-00633,ACC-00633,2026-01-01,2026-12-31,62732.17,4320
CTR-00634,ACC-00634,2026-01-01,2026-06-30,130690.07,8850
CTR-00635,ACC-00635,2026-01-01,2026-12-31,15556.06,1250
CTR-00636,ACC-00636,2026-01-01,2026-12-31,425363.1,41770
CTR-00637,ACC-00637,2026-01-01,2026-12-31,86243.52,7300
CTR-00638,ACC-00638,2026-01-01,2026-12-31,125442.86,11680
CTR-00639,ACC-00639,2026-01-01,2026-12-31,25977.59,2410
CTR-00640,ACC-00640,2026-01-01,2026-12-31,162857.01,11290
CTR-00641,ACC-00641,2026-01-01,2026-12-31,92683.66,8900
CTR-00642,ACC-00642,2026-01-01,2026-12-31,54682.47,4980
CTR-00643,ACC-00643,2026-01-01,2026-12-31,113885.33,7800
CTR-00644,ACC-00644,2026-01-01,2026-12-31,358428.69,35180
CTR-00645,ACC-00645,2026-01-01,2026-12-31,83058.99,7400
CTR-00646,ACC-00646,2026-01-01,2026-12-31,87007.92,8370
CTR-00647,ACC-00647,2026-01-01,2026-12-31,53021.21,3730
CTR-00648,ACC-00648,2026-01-01,2026-12-31,40340.41,3180
CTR-00649,ACC-00649,2026-01-01,2026-12-31,130775.2,11410
CTR-00650,ACC-00650,2026-01-01,2026-12-31,40164.6,3160
CTR-00651,ACC-00651,2026-01-01,2026-12-31,363923.81,31040
CTR-00652,ACC-00652,2026-01-01,2026-12-31,76887.33,5290
CTR-00653,ACC-00653,2026-01-01,2026-12-31,52346.47,4720
CTR-00654,ACC-00654,2026-01-01,2026-05-15,102261.23,10160
CTR-00655,ACC-00655,2026-01-01,2026-12-31,92370.55,6890
CTR-00656,ACC-00656,2026-01-01,2026-12-31,151187.79,10650
CTR-00657,ACC-00657,2026-01-01,2026-12-31,51174.08,4220
CTR-00658,ACC-00658,2026-01-01,2026-12-31,60541.69,5930
CTR-00659,ACC-00659,2026-01-01,2026-12-31,36859.38,3170
CTR-00660,ACC-00660,2026-01-01,2026-12-31,53583.41,5280
CTR-00661,ACC-00661,2026-01-01,2026-12-31,95235.72,7010
CTR-00662,ACC-00662,2026-01-01,2026-12-31,124230.26,11360
CTR-00663,ACC-00663,2026-01-01,2026-12-31,38349.02,2840
CTR-00664,ACC-00664,2026-01-01,2026-12-31,134419.95,10540
CTR-00665,ACC-00665,2026-01-01,2026-12-31,188894.98,14270
CTR-00666,ACC-00666,2026-01-01,2026-12-31,97675.34,8720
CTR-00667,ACC-00667,2026-01-01,2026-12-31,272054.33,20650
CTR-00668,ACC-00668,2026-01-01,2026-12-31,42546.27,2920
CTR-00669,ACC-00669,2026-01-01,2026-12-31,30599.58,2390
CTR-00670,ACC-00670,2026-01-01,2026-12-31,21055.05,1740
CTR-00671,ACC-00671,2026-01-01,2026-12-31,208403.42,17550
CTR-00672,ACC-00672,2026-01-01,2026-12-31,329761.13,29780
CTR-00673,ACC-00673,2026-01-01,2026-12-31,115619.04,10320
CTR-00674,ACC-00674,2026-01-01,2026-12-31,70339.64,5930
CTR-00675,ACC-00675,2026-01-01,2026-12-31,88963.2,6790
CTR-00676,ACC-00676,2026-01-01,2026-12-31,33261.56,2900
CTR-00677,ACC-00677,2026-01-01,2026-12-31,769937.51,75590
CTR-00678,ACC-00678,2026-01-01,2026-12-31,405155.57,37930
CTR-00679,ACC-00679,2026-01-01,2026-12-31,80053.85,7840
CTR-00680,ACC-00680,2026-01-01,2026-12-31,78950.5,5430
CTR-00681,ACC-00681,2026-01-01,2026-12-31,121544.61,11710
CTR-00682,ACC-00682,2026-01-01,2026-12-31,102406.6,8390
CTR-00683,ACC-00683,2026-01-01,2026-12-31,85538.24,5930
CTR-00684,ACC-00684,2026-01-01,2026-12-31,42052.24,4060
CTR-00685,ACC-00685,2026-01-01,2026-12-31,101724.95,7750
CTR-00686,ACC-00686,2026-01-01,2026-12-31,273051.89,26910
CTR-00687,ACC-00687,2026-01-01,2026-12-31,187548.74,13180
CTR-00688,ACC-00688,2026-01-01,2026-12-31,429362.78,38600
CTR-00689,ACC-00689,2026-01-01,2026-12-31,572613.68,54870
CTR-00690,ACC-00690,2026-01-01,2026-12-31,223067.71,18740
CTR-00691,ACC-00691,2026-01-01,2026-12-31,51131.14,4470
CTR-00692,ACC-00692,2026-01-01,2026-12-31,36580.72,2790
CTR-00693,ACC-00693,2026-01-01,2026-12-31,66966.59,6620
CTR-00694,ACC-00694,2026-01-01,2026-12-31,601932.72,42770
CTR-00695,ACC-00695,2026-01-01,2026-12-31,76039.44,5940
CTR-00696,ACC-00696,2026-01-01,2026-12-31,157303.77,12810
CTR-00697,ACC-00697,2026-01-01,2026-12-31,22365.5,1970
CTR-00698,ACC-00698,2026-01-01,2026-12-31,439485.92,30220
CTR-00699,ACC-00699,2026-01-01,2026-12-31,213349.13,20420
CTR-00700,ACC-00700,2026-01-01,2026-12-31,65473.09,4870
CTR-00701,ACC-00701,2026-01-01,2026-12-31,54240.51,5320
CTR-00702,ACC-00702,2026-01-01,2026-12-31,36009.1,3170
CTR-00703,ACC-00703,2026-01-01,2026-12-31,22962.1,1840
CTR-00704,ACC-00704,2026-01-01,2026-12-31,130120.91,10160
CTR-00705,ACC-00705,2026-01-01,2026-12-31,76981.67,6780
CTR-00706,ACC-00706,2026-01-01,2026-12-31,29644.37,2290
CTR-00707,ACC-00707,2026-01-01,2026-12-31,29538.35,2550
CTR-00708,ACC-00708,2026-01-01,2026-12-31,57811.95,5190
CTR-00709,ACC-00709,2026-01-01,2026-12-31,235229.07,22280
CTR-00710,ACC-00710,2026-01-01,2026-12-31,60979.08,4970
CTR-00711,ACC-00711,2026-01-01,2026-12-31,25534.86,1960
CTR-00712,ACC-00712,2026-01-01,2026-12-31,61573.07,4370
CTR-00713,ACC-00713,2026-01-01,2026-12-31,60421.09,5610
CTR-00714,ACC-00714,2026-01-01,2026-12-31,15000.0,1080
CTR-00715,ACC-00715,2026-01-01,2026-12-31,70403.17,5300
CTR-00716,ACC-00716,2026-01-01,2026-12-31,62214.65,5150
CTR-00717,ACC-00717,2026-01-01,2026-12-31,119055.43,11780
CTR-00718,ACC-00718,2026-01-01,2026-12-31,266803.91,24630
CTR-00719,ACC-00719,2026-01-01,2026-12-31,160909.2,10980
CTR-00720,ACC-00720,2026-01-01,2026-06-28,60583.5,4950
CTR-00721,ACC-00721,2026-01-01,2026-12-31,33706.02,2430
CTR-00722,ACC-00722,2026-01-01,2026-12-31,443011.88,43180
CTR-00723,ACC-00723,2026-01-01,2026-12-31,712677.91,54280
CTR-00724,ACC-00724,2026-01-01,2026-12-31,882583.96,83530
CTR-00725,ACC-00725,2026-01-01,2026-12-31,76225.62,6840
CTR-00726,ACC-00726,2026-01-01,2026-12-31,73846.99,6560
CTR-00727,ACC-00727,2026-01-01,2026-12-31,71905.82,5160
CTR-00728,ACC-00728,2026-01-01,2026-12-31,84007.33,6260
CTR-00729,ACC-00729,2026-01-01,2026-12-31,66101.57,4490
CTR-00730,ACC-00730,2026-01-01,2026-12-31,48944.22,3770
CTR-00731,ACC-00731,2026-01-01,2026-12-31,49871.19,3530
CTR-00732,ACC-00732,2026-01-01,2026-12-31,71472.83,5380
CTR-00733,ACC-00733,2026-01-01,2026-12-31,49991.22,3640
CTR-00734,ACC-00734,2026-01-01,2026-12-31,615616.71,41750
CTR-00735,ACC-00735,2026-01-01,2026-12-31,44400.59,3420
CTR-00736,ACC-00736,2026-01-01,2026-12-31,78786.83,6150
CTR-00737,ACC-00737,2026-01-01,2026-12-31,492394.71,41680
CTR-00738,ACC-00738,2026-01-01,2026-12-31,61176.35,4400
CTR-00739,ACC-00739,2026-01-01,2026-06-15,209566.23,20400
CTR-00740,ACC-00740,2026-01-01,2026-12-31,15000.0,1200
CTR-00741,ACC-00741,2026-01-01,2026-12-31,157008.43,13080
CTR-00742,ACC-00742,2026-01-01,2026-12-31,174950.72,12510
CTR-00743,ACC-00743,2026-01-01,2026-12-31,17130.69,1400
CTR-00744,ACC-00744,2026-01-01,2026-12-31,57533.27,4440
CTR-00745,ACC-00745,2026-01-01,2026-12-31,56386.86,3760
CTR-00746,ACC-00746,2026-01-01,2026-12-31,27302.73,2490
CTR-00747,ACC-00747,2026-01-01,2026-12-31,42426.49,4200
CTR-00748,ACC-00748,2026-01-01,2026-12-31,33610.6,2610
CTR-00749,ACC-00749,2026-01-01,2026-12-31,249344.14,22480
CTR-00750,ACC-00750,2026-01-01,2026-12-31,140782.99,11600
CTR-00751,ACC-00751,2026-01-01,2026-06-30,178097.88,15830
CTR-00752,ACC-00752,2026-01-01,2026-12-31,121196.74,11300
CTR-00753,ACC-00753,2026-01-01,2026-12-31,33178.71,3010
CTR-00754,ACC-00754,2026-01-01,2026-12-31,50657.16,4930
CTR-00755,ACC-00755,2026-01-01,2026-12-31,103008.03,8030
CTR-00756,ACC-00756,2026-01-01,2026-04-30,31085.93,2560
CTR-00757,ACC-00757,2026-01-01,2026-12-31,276052.59,24640
CTR-00758,ACC-00758,2026-01-01,2026-04-28,120463.12,8130
CTR-00759,ACC-00759,2026-01-01,2026-12-31,61807.02,5390
CTR-00760,ACC-00760,2026-01-01,2026-12-31,56253.61,4160
CTR-00761,ACC-00761,2026-01-01,2026-12-31,120291.35,9450
CTR-00762,ACC-00762,2026-01-01,2026-12-31,99806.07,7730
CTR-00763,ACC-00763,2026-01-01,2026-12-31,56801.82,4930
CTR-00764,ACC-00764,2026-01-01,2026-12-31,376847.34,31730
CTR-00765,ACC-00765,2026-01-01,2026-12-31,164642.36,15260
CTR-00766,ACC-00766,2026-01-01,2026-12-31,34312.18,3160
CTR-00767,ACC-00767,2026-01-01,2026-12-31,112550.23,8230
CTR-00768,ACC-00768,2026-01-01,2026-12-31,110765.53,7690
CTR-00769,ACC-00769,2026-01-01,2026-12-31,58883.58,5590
CTR-00770,ACC-00770,2026-01-01,2026-12-31,690091.2,68030
CTR-00771,ACC-00771,2026-01-01,2026-12-31,91885.0,9110
CTR-00772,ACC-00772,2026-01-01,2026-12-31,506375.35,42030
CTR-00773,ACC-00773,2026-01-01,2026-12-31,30461.55,2640
CTR-00774,ACC-00774,2026-01-01,2026-12-31,139639.43,11690
CTR-00775,ACC-00775,2026-01-01,2026-12-31,64252.02,4400
CTR-00776,ACC-00776,2026-01-01,2026-12-31,50720.93,4500
CTR-00777,ACC-00777,2026-01-01,2026-12-31,152406.48,12180
CTR-00778,ACC-00778,2026-01-01,2026-12-31,715376.45,57880
CTR-00779,ACC-00779,2026-01-01,2026-12-31,44665.62,3550
CTR-00780,ACC-00780,2026-01-01,2026-12-31,27284.58,1830
CTR-00781,ACC-00781,2026-01-01,2026-12-31,24596.5,1920
CTR-00782,ACC-00782,2026-01-01,2026-12-31,111770.95,8590
CTR-00783,ACC-00783,2026-01-01,2026-12-31,29842.82,2430
CTR-00784,ACC-00784,2026-01-01,2026-12-31,249785.03,21320
CTR-00785,ACC-00785,2026-01-01,2026-12-31,17028.6,1250
CTR-00786,ACC-00786,2026-01-01,2026-12-31,239790.15,23080
CTR-00787,ACC-00787,2026-01-01,2026-12-31,84771.29,7740
CTR-00788,ACC-00788,2026-01-01,2026-12-31,520146.35,42340
CTR-00789,ACC-00789,2026-01-01,2026-12-31,68343.44,4920
CTR-00790,ACC-00790,2026-01-01,2026-12-31,49938.96,4540
CTR-00791,ACC-00791,2026-01-01,2026-12-31,96702.57,9340
CTR-00792,ACC-00792,2026-01-01,2026-12-31,71229.03,6470
CTR-00793,ACC-00793,2026-01-01,2026-12-31,519225.96,49070
CTR-00794,ACC-00794,2026-01-01,2026-04-15,158310.14,11650
CTR-00795,ACC-00795,2026-01-01,2026-12-31,79218.04,6530
CTR-00796,ACC-00796,2026-01-01,2026-12-31,81243.92,7760
CTR-00797,ACC-00797,2026-01-01,2026-12-31,56696.71,5640
CTR-00798,ACC-00798,2026-01-01,2026-12-31,70272.66,4830
CTR-00799,ACC-00799,2026-01-01,2026-12-31,90713.48,8950
CTR-00800,ACC-00800,2026-01-01,2026-12-31,22090.04,2020
CTR-00801,ACC-00801,2026-01-01,2026-12-31,28460.44,1980
CTR-00802,ACC-00802,2026-01-01,2026-12-31,123042.47,9880
CTR-00803,ACC-00803,2026-01-01,2026-06-28,82421.85,5970
CTR-00804,ACC-00804,2026-01-01,2026-12-31,64293.36,5270
CTR-00805,ACC-00805,2026-01-01,2026-05-15,74080.21,5390
CTR-00806,ACC-00806,2026-01-01,2026-12-31,498150.2,42400
CTR-00807,ACC-00807,2026-01-01,2026-12-31,93274.98,6340
CTR-00808,ACC-00808,2026-01-01,2026-06-30,50119.64,3840
CTR-00809,ACC-00809,2026-01-01,2026-12-31,42412.0,3610
CTR-00810,ACC-00810,2026-01-01,2026-12-31,83875.74,6880
CTR-00811,ACC-00811,2026-01-01,2026-04-15,36869.47,2640
CTR-00812,ACC-00812,2026-01-01,2026-12-31,97321.67,7460
CTR-00813,ACC-00813,2026-01-01,2026-12-31,22207.64,1950
CTR-00814,ACC-00814,2026-01-01,2026-12-31,150303.06,13200
CTR-00815,ACC-00815,2026-01-01,2026-12-31,101805.38,7200
CTR-00816,ACC-00816,2026-01-01,2026-12-31,87484.84,7770
CTR-00817,ACC-00817,2026-01-01,2026-12-31,145493.06,11090
CTR-00818,ACC-00818,2026-01-01,2026-12-31,234645.73,17040
CTR-00819,ACC-00819,2026-01-01,2026-12-31,148755.46,14410
CTR-00820,ACC-00820,2026-01-01,2026-12-31,20158.64,1770
CTR-00821,ACC-00821,2026-01-01,2026-12-31,268487.68,24740
CTR-00822,ACC-00822,2026-01-01,2026-12-31,29860.63,2480
CTR-00823,ACC-00823,2026-01-01,2026-12-31,880906.46,76310
CTR-00824,ACC-00824,2026-01-01,2026-12-31,47222.56,3710
CTR-00825,ACC-00825,2026-01-01,2026-12-31,74478.35,6150
CTR-00826,ACC-00826,2026-01-01,2026-12-31,105067.82,8530
CTR-00827,ACC-00827,2026-01-01,2026-12-31,417642.5,37390
CTR-00828,ACC-00828,2026-01-01,2026-12-31,44001.51,4360
CTR-00829,ACC-00829,2026-01-01,2026-12-31,83344.4,7820
CTR-00830,ACC-00830,2026-01-01,2026-12-31,43098.0,3400
CTR-00831,ACC-00831,2026-01-01,2026-12-31,726422.23,48850
CTR-00832,ACC-00832,2026-01-01,2026-12-31,47664.28,3580
CTR-00833,ACC-00833,2026-01-01,2026-12-31,27318.99,2350
CTR-00834,ACC-00834,2026-01-01,2026-12-31,38320.36,2740
CTR-00835,ACC-00835,2026-01-01,2026-12-31,28390.81,2320
CTR-00836,ACC-00836,2026-01-01,2026-12-31,36934.03,3310
CTR-00837,ACC-00837,2026-01-01,2026-12-31,152901.51,12010
CTR-00838,ACC-00838,2026-01-01,2026-12-31,37624.88,2570
CTR-00839,ACC-00839,2026-01-01,2026-12-31,461698.54,36330
CTR-00840,ACC-00840,2026-01-01,2026-12-31,103292.76,9070
CTR-00841,ACC-00841,2026-01-01,2026-12-31,83231.84,8190
CTR-00842,ACC-00842,2026-01-01,2026-12-31,40100.72,2730
CTR-00843,ACC-00843,2026-01-01,2026-12-31,119397.9,9120
CTR-00844,ACC-00844,2026-01-01,2026-12-31,665315.24,46050
CTR-00845,ACC-00845,2026-01-01,2026-12-31,48876.57,3570
CTR-00846,ACC-00846,2026-01-01,2026-12-31,658219.47,60650
CTR-00847,ACC-00847,2026-01-01,2026-12-31,79650.76,6890
CTR-00848,ACC-00848,2026-01-01,2026-12-31,438914.18,31700
CTR-00849,ACC-00849,2026-01-01,2026-12-31,68374.69,5290
CTR-00850,ACC-00850,2026-01-01,2026-12-31,163487.42,12620
CTR-00851,ACC-00851,2026-01-01,2026-12-31,44702.13,4230
CTR-00852,ACC-00852,2026-01-01,2026-12-31,71361.09,6660
CTR-00853,ACC-00853,2026-01-01,2026-06-30,252599.48,22710
CTR-00854,ACC-00854,2026-01-01,2026-12-31,47151.59,3710
CTR-00855,ACC-00855,2026-01-01,2026-12-31,260072.05,21970
CTR-00856,ACC-00856,2026-01-01,2026-12-31,120021.52,9400
CTR-00857,ACC-00857,2026-01-01,2026-12-31,49329.29,3520
CTR-00858,ACC-00858,2026-01-01,2026-12-31,339017.14,25780
CTR-00859,ACC-00859,2026-01-01,2026-12-31,113855.5,10540
CTR-00860,ACC-00860,2026-01-01,2026-12-31,144464.36,11610
CTR-00861,ACC-00861,2026-01-01,2026-12-31,848589.8,61180
CTR-00862,ACC-00862,2026-01-01,2026-12-31,113014.0,8350
CTR-00863,ACC-00863,2026-01-01,2026-12-31,577198.88,54470
CTR-00864,ACC-00864,2026-01-01,2026-12-31,24363.53,2260
CTR-00865,ACC-00865,2026-01-01,2026-12-31,43958.62,3740
CTR-00866,ACC-00866,2026-01-01,2026-12-31,698274.34,68720
CTR-00867,ACC-00867,2026-01-01,2026-12-31,61496.59,5830
CTR-00868,ACC-00868,2026-01-01,2026-12-31,69417.66,6270
CTR-00869,ACC-00869,2026-01-01,2026-12-31,112924.02,10170
CTR-00870,ACC-00870,2026-01-01,2026-12-31,82817.17,7730
CTR-00871,ACC-00871,2026-01-01,2026-12-31,28717.41,2310
CTR-00872,ACC-00872,2026-01-01,2026-12-31,95429.07,9270
CTR-00873,ACC-00873,2026-01-01,2026-12-31,112129.53,7910
CTR-00874,ACC-00874,2026-01-01,2026-12-31,108212.62,7680
CTR-00875,ACC-00875,2026-01-01,2026-12-31,155833.98,10470
CTR-00876,ACC-00876,2026-01-01,2026-12-31,131103.91,10260
CTR-00877,ACC-00877,2026-01-01,2026-12-31,100853.68,9040
CTR-00878,ACC-00878,2026-01-01,2026-12-31,69625.35,4960
CTR-00879,ACC-00879,2026-01-01,2026-12-31,22864.19,1860
CTR-00880,ACC-00880,2026-01-01,2026-12-31,98788.13,9830
CTR-00881,ACC-00881,2026-01-01,2026-12-31,84573.93,7110
CTR-00882,ACC-00882,2026-01-01,2026-12-31,88442.26,8750
CTR-00883,ACC-00883,2026-01-01,2026-05-30,29919.81,2290
CTR-00884,ACC-00884,2026-01-01,2026-12-31,34312.34,3130
CTR-00885,ACC-00885,2026-01-01,2026-12-31,152849.19,10790
CTR-00886,ACC-00886,2026-01-01,2026-12-31,71133.34,5040
CTR-00887,ACC-00887,2026-01-01,2026-12-31,117836.16,10580
CTR-00888,ACC-00888,2026-01-01,2026-12-31,74594.56,6680
CTR-00889,ACC-00889,2026-01-01,2026-12-31,74669.67,5740
CTR-00890,ACC-00890,2026-01-01,2026-12-31,141039.98,10380
CTR-00891,ACC-00891,2026-01-01,2026-12-31,50958.59,5060
CTR-00892,ACC-00892,2026-01-01,2026-12-31,78220.3,6320
CTR-00893,ACC-00893,2026-01-01,2026-12-31,52913.16,4870
CTR-00894,ACC-00894,2026-01-01,2026-12-31,53952.14,3790
CTR-00895,ACC-00895,2026-01-01,2026-12-31,58899.01,3960
CTR-00896,ACC-00896,2026-01-01,2026-12-31,85433.51,7070
CTR-00897,ACC-00897,2026-01-01,2026-07-15,52306.5,3820
CTR-00898,ACC-00898,2026-01-01,2026-12-31,176139.1,11930
CTR-00899,ACC-00899,2026-01-01,2026-12-31,39095.98,3460
CTR-00900,ACC-00900,2026-01-01,2026-04-28,64163.5,4530
CTR-00901,ACC-00901,2026-01-01,2026-12-31,53754.8,4030
CTR-00902,ACC-00902,2026-01-01,2026-12-31,293060.78,26050
CTR-00903,ACC-00903,2026-01-01,2026-12-31,201367.03,18480
CTR-00904,ACC-00904,2026-01-01,2026-12-31,83917.41,7780
CTR-00905,ACC-00905,2026-01-01,2026-12-31,848063.75,62340
CTR-00906,ACC-00906,2026-01-01,2026-12-31,150586.23,14560
CTR-00907,ACC-00907,2026-01-01,2026-12-31,370108.19,29010
CTR-00908,ACC-00908,2026-01-01,2026-12-31,25851.08,1800
CTR-00909,ACC-00909,2026-01-01,2026-12-31,88162.34,8360
CTR-00910,ACC-00910,2026-01-01,2026-12-31,136317.44,13360
CTR-00911,ACC-00911,2026-01-01,2026-12-31,77466.34,7610
CTR-00912,ACC-00912,2026-01-01,2026-12-31,154173.87,12060
CTR-00913,ACC-00913,2026-01-01,2026-12-31,50914.25,3660
CTR-00914,ACC-00914,2026-01-01,2026-12-31,196132.01,16340
CTR-00915,ACC-00915,2026-01-01,2026-12-31,365575.71,33240
CTR-00916,ACC-00916,2026-01-01,2026-12-31,56727.42,4230
CTR-00917,ACC-00917,2026-01-01,2026-12-31,53538.07,4580
CTR-00918,ACC-00918,2026-01-01,2026-12-31,314418.69,27020
CTR-00919,ACC-00919,2026-01-01,2026-12-31,202272.11,13570
CTR-00920,ACC-00920,2026-01-01,2026-12-31,220951.94,16320
CTR-00921,ACC-00921,2026-01-01,2026-12-31,50716.06,3700
CTR-00922,ACC-00922,2026-01-01,2026-12-31,54495.27,4140
CTR-00923,ACC-00923,2026-01-01,2026-12-31,60039.07,5800
CTR-00924,ACC-00924,2026-01-01,2026-12-31,28534.94,2410
CTR-00925,ACC-00925,2026-01-01,2026-12-31,38443.45,3810
CTR-00926,ACC-00926,2026-01-01,2026-12-31,36210.39,2530
CTR-00927,ACC-00927,2026-01-01,2026-12-31,42725.09,3150
CTR-00928,ACC-00928,2026-01-01,2026-12-31,577726.93,52140
CTR-00929,ACC-00929,2026-01-01,2026-12-31,71376.26,5630
CTR-00930,ACC-00930,2026-01-01,2026-12-31,86159.05,7430
CTR-00931,ACC-00931,2026-01-01,2026-12-31,216500.98,17600
CTR-00932,ACC-00932,2026-01-01,2026-12-31,36357.37,3580
CTR-00933,ACC-00933,2026-01-01,2026-12-31,145659.31,10580
CTR-00934,ACC-00934,2026-01-01,2026-12-31,62957.04,4940
CTR-00935,ACC-00935,2026-01-01,2026-12-31,496749.79,36660
CTR-00936,ACC-00936,2026-01-01,2026-12-31,70641.66,5240
CTR-00937,ACC-00937,2026-01-01,2026-12-31,117286.35,8260
CTR-00938,ACC-00938,2026-01-01,2026-12-31,33326.05,3310
CTR-00939,ACC-00939,2026-01-01,2026-12-31,95576.94,6760
CTR-00940,ACC-00940,2026-01-01,2026-12-31,82167.62,5770
CTR-00941,ACC-00941,2026-01-01,2026-12-31,103230.11,7340
CTR-00942,ACC-00942,2026-01-01,2026-12-31,89537.97,8240
CTR-00943,ACC-00943,2026-01-01,2026-12-31,407872.58,36770
CTR-00944,ACC-00944,2026-01-01,2026-12-31,46797.36,3980
CTR-00945,ACC-00945,2026-01-01,2026-12-31,50428.01,3430
CTR-00946,ACC-00946,2026-01-01,2026-12-31,47278.06,3660
CTR-00947,ACC-00947,2026-01-01,2026-12-31,49571.24,3490
CTR-00948,ACC-00948,2026-01-01,2026-12-31,46808.92,3560
CTR-00949,ACC-00949,2026-01-01,2026-12-31,168099.54,14570
CTR-00950,ACC-00950,2026-01-01,2026-12-31,197669.75,15230
CTR-00951,ACC-00951,2026-01-01,2026-12-31,49044.22,4860
CTR-00952,ACC-00952,2026-01-01,2026-12-31,40837.3,3320
CTR-00953,ACC-00953,2026-01-01,2026-12-31,101721.19,8650
CTR-00954,ACC-00954,2026-01-01,2026-12-31,438883.06,41770
CTR-00955,ACC-00955,2026-01-01,2026-05-15,49684.28,4790
CTR-00956,ACC-00956,2026-01-01,2026-12-31,113897.28,10630
CTR-00957,ACC-00957,2026-01-01,2026-12-31,84292.33,8250
CTR-00958,ACC-00958,2026-01-01,2026-12-31,488836.91,32790
CTR-00959,ACC-00959,2026-01-01,2026-12-31,25310.61,2250
CTR-00960,ACC-00960,2026-01-01,2026-12-31,216047.52,19240
CTR-00961,ACC-00961,2026-01-01,2026-12-31,257072.74,20530
CTR-00962,ACC-00962,2026-01-01,2026-04-15,47621.9,3400
CTR-00963,ACC-00963,2026-01-01,2026-07-30,55748.67,4810
CTR-00964,ACC-00964,2026-01-01,2026-12-31,89331.17,6250
CTR-00965,ACC-00965,2026-01-01,2026-05-15,92421.95,7280
CTR-00966,ACC-00966,2026-01-01,2026-12-31,115957.73,8500
CTR-00967,ACC-00967,2026-01-01,2026-12-31,298684.52,21900
CTR-00968,ACC-00968,2026-01-01,2026-12-31,798619.18,64000
CTR-00969,ACC-00969,2026-01-01,2026-12-31,64610.81,4800
CTR-00970,ACC-00970,2026-01-01,2026-12-31,41822.59,3380
CTR-00971,ACC-00971,2026-01-01,2026-07-28,27846.89,2560
CTR-00972,ACC-00972,2026-01-01,2026-12-31,43842.06,4040
CTR-00973,ACC-00973,2026-01-01,2026-12-31,71454.14,6170
CTR-00974,ACC-00974,2026-01-01,2026-12-31,256835.35,23590
CTR-00975,ACC-00975,2026-01-01,2026-12-31,50902.74,4750
CTR-00976,ACC-00976,2026-01-01,2026-12-31,85532.49,8390
CTR-00977,ACC-00977,2026-01-01,2026-12-31,72294.55,5670
CTR-00978,ACC-00978,2026-01-01,2026-12-31,168026.22,14930
CTR-00979,ACC-00979,2026-01-01,2026-12-31,428845.8,42170
CTR-00980,ACC-00980,2026-01-01,2026-12-31,891890.08,74660
CTR-00981,ACC-00981,2026-01-01,2026-12-31,50432.54,3600
CTR-00982,ACC-00982,2026-01-01,2026-12-31,51916.52,4240
CTR-00983,ACC-00983,2026-01-01,2026-12-31,151890.12,10740
CTR-00984,ACC-00984,2026-01-01,2026-12-31,117868.4,9780
CTR-00985,ACC-00985,2026-01-01,2026-05-30,266384.26,26120
CTR-00986,ACC-00986,2026-01-01,2026-12-31,110056.56,7440
CTR-00987,ACC-00987,2026-01-01,2026-12-31,729568.93,68830
CTR-00988,ACC-00988,2026-01-01,2026-12-31,56868.42,4730
CTR-00989,ACC-00989,2026-01-01,2026-12-31,110576.0,7470
CTR-00990,ACC-00990,2026-01-01,2026-12-31,158909.88,11540
CTR-00991,ACC-00991,2026-01-01,2026-12-31,129876.27,11270
CTR-00992,ACC-00992,2026-01-01,2026-12-31,104306.8,8090
CTR-00993,ACC-00993,2026-01-01,2026-12-31,154302.82,11840
CTR-00994,ACC-00994,2026-01-01,2026-12-31,165794.93,14490
CTR-00995,ACC-00995,2026-01-01,2026-04-30,192434.53,17650
CTR-00996,ACC-00996,2026-01-01,2026-12-31,115162.21,10620
CTR-00997,ACC-00997,2026-01-01,2026-12-31,65056.89,6050
CTR-00998,ACC-00998,2026-01-01,2026-05-28,81040.12,7190
CTR-00999,ACC-00999,2026-01-01,2026-12-31,170170.52,14120
CTR-01000,ACC-01000,2026-01-01,2026-12-31,41280.48,3110
CTR-01001,ACC-00558,2027-01-01,2027-12-31,51590.73,4470
CTR-01002,ACC-00914,2027-01-01,2027-12-31,218592.33,16340
CTR-01003,ACC-00929,2027-01-01,2027-12-31,73309.85,5630
CTR-01004,ACC-00029,2027-01-01,2027-12-31,50097.12,3880
CTR-01005,ACC-00049,2027-01-01,2027-12-31,65481.62,4710
CTR-01006,ACC-00702,2027-01-01,2027-12-31,40668.91,3170
CTR-01007,ACC-00191,2027-01-01,2027-12-31,75283.38,5090
CTR-01008,ACC-00627,2027-01-01,2027-12-31,37264.0,2890
CTR-01009,ACC-00730,2027-01-01,2027-12-31,56007.73,3770
CTR-01010,ACC-00511,2027-01-01,2027-12-31,49799.03,3760
CTR-01011,ACC-00617,2027-01-01,2027-12-31,58282.53,4160
CTR-01012,ACC-00719,2027-01-01,2027-12-31,183528.92,10980
CTR-01013,ACC-00745,2027-01-01,2027-12-31,60892.62,3760
CTR-01014,ACC-00060,2027-01-01,2027-12-31,49727.58,3490
CTR-01015,ACC-00056,2027-01-01,2027-12-31,103747.68,6930
CTR-01016,ACC-00287,2027-01-01,2027-12-31,40707.95,3160
CTR-01017,ACC-00944,2027-01-01,2027-12-31,50771.27,3980
CTR-01018,ACC-00488,2027-01-01,2027-12-31,18819.41,1480
CTR-01019,ACC-00269,2027-01-01,2027-12-31,144560.28,12410
CTR-01020,ACC-00809,2027-01-01,2027-12-31,44729.44,3610
CTR-01021,ACC-00704,2027-01-01,2027-12-31,133004.59,10160
CTR-01022,ACC-00223,2027-01-01,2027-12-31,96064.11,8520
CTR-01023,ACC-00502,2027-01-01,2027-12-31,46297.25,2800
CTR-01024,ACC-00638,2027-01-01,2027-12-31,131092.98,11680
CTR-01025,ACC-00795,2027-01-01,2027-12-31,84391.64,6530
CTR-01026,ACC-00180,2027-01-01,2027-12-31,132939.58,10060
CTR-01027,ACC-00800,2027-01-01,2027-12-31,24840.96,2020
CTR-01028,ACC-00941,2027-01-01,2027-12-31,104227.74,7340
CTR-01029,ACC-00913,2027-01-01,2027-12-31,52468.85,3660
CTR-01030,ACC-00766,2027-01-01,2027-12-31,36434.93,3160
CTR-01031,ACC-00774,2027-01-01,2027-12-31,156892.8,11690
CTR-01032,ACC-00259,2027-01-01,2027-12-31,359782.41,31590
CTR-01033,ACC-00840,2027-01-01,2027-12-31,107266.12,9070
CTR-01034,ACC-00092,2027-01-01,2027-12-31,102367.66,7230
CTR-01035,ACC-00640,2027-01-01,2027-12-31,172771.73,11290
CTR-01036,ACC-00424,2027-01-01,2027-12-31,16817.29,1450
CTR-01037,ACC-00817,2027-01-01,2027-12-31,149681.43,11090
CTR-01038,ACC-00618,2027-01-01,2027-12-31,92875.77,7900
CTR-01039,ACC-00574,2027-01-01,2027-12-31,51695.82,3470
CTR-01040,ACC-00462,2027-01-01,2027-12-31,84819.38,5330
CTR-01041,ACC-00523,2027-01-01,2027-12-31,250724.78,17230
CTR-01042,ACC-00100,2027-01-01,2027-12-31,53773.54,4970
CTR-01043,ACC-00044,2027-01-01,2027-12-31,31662.36,1950
CTR-01044,ACC-00074,2027-01-01,2027-12-31,190023.54,18080
CTR-01045,ACC-00214,2027-01-01,2027-12-31,31307.26,2520
CTR-01046,ACC-00603,2027-01-01,2027-12-31,111771.12,7440
CTR-01047,ACC-00568,2027-01-01,2027-12-31,107868.62,9030
CTR-01048,ACC-00043,2027-01-01,2027-12-31,20785.97,1410
CTR-01049,ACC-00556,2027-01-01,2027-12-31,50958.64,4130
CTR-01050,ACC-00622,2027-01-01,2027-12-31,59744.89,5540
CTR-01051,ACC-00163,2027-01-01,2027-12-31,98938.73,7120
CTR-01052,ACC-00699,2027-01-01,2027-12-31,244192.59,20420
CTR-01053,ACC-00564,2027-01-01,2027-12-31,66375.25,5330
CTR-01054,ACC-00582,2027-01-01,2027-12-31,38947.12,3370
CTR-01055,ACC-00670,2027-01-01,2027-12-31,23769.84,1740
CTR-01056,ACC-00572,2027-01-01,2027-12-31,23015.59,1660
CTR-01057,ACC-00940,2027-01-01,2027-12-31,89582.42,5770
CTR-01058,ACC-00389,2027-01-01,2027-12-31,232125.63,16710
CTR-01059,ACC-00398,2027-01-01,2027-12-31,119401.99,10210
CTR-01060,ACC-00378,2027-01-01,2027-12-31,43638.96,3980
CTR-01061,ACC-00956,2027-01-01,2027-12-31,120106.41,10630
CTR-01062,ACC-00139,2027-01-01,2027-12-31,30114.27,2430
CTR-01063,ACC-00107,2027-01-01,2027-12-31,26608.72,2280
CTR-01064,ACC-00492,2027-01-01,2027-12-31,133397.87,10500
CTR-01065,ACC-00187,2027-01-01,2027-12-31,68279.03,5030
CTR-01066,ACC-00552,2027-01-01,2027-12-31,142798.4,12680
CTR-01067,ACC-00277,2027-01-01,2027-12-31,30761.89,2050
CTR-01068,ACC-00033,2027-01-01,2027-12-31,105609.5,7290
CTR-01069,ACC-00534,2027-01-01,2027-12-31,96124.59,7540
CTR-01070,ACC-00063,2027-01-01,2027-12-31,151338.74,12990
CTR-01071,ACC-00746,2027-01-01,2027-12-31,30697.75,2490
CTR-01072,ACC-00690,2027-01-01,2027-12-31,254843.97,18740
CTR-01073,ACC-00859,2027-01-01,2027-12-31,129764.91,10540
CTR-01074,ACC-00686,2027-01-01,2027-12-31,283365.39,26910
CTR-01075,ACC-00430,2027-01-01,2027-12-31,161117.21,11660
CTR-01076,ACC-00874,2027-01-01,2027-12-31,112077.06,7680
CTR-01077,ACC-00763,2027-01-01,2027-12-31,57843.65,4930
CTR-01078,ACC-00036,2027-01-01,2027-12-31,53800.03,4050
CTR-01079,ACC-00517,2027-01-01,2027-12-31,52937.17,4200
CTR-01080,ACC-00933,2027-01-01,2027-12-31,158426.19,10580
CTR-01081,ACC-00639,2027-01-01,2027-12-31,27497.09,2410
CTR-01082,ACC-00527,2027-01-01,2027-12-31,101140.46,8360
CTR-01083,ACC-00164,2027-01-01,2027-12-31,130882.45,11740
CTR-01084,ACC-00797,2027-01-01,2027-12-31,60293.0,5640
CTR-01085,ACC-00166,2027-01-01,2027-12-31,29646.25,2160
CTR-01086,ACC-00333,2027-01-01,2027-12-31,116619.77,10770
CTR-01087,ACC-00550,2027-01-01,2027-12-31,45383.25,2790
CTR-01088,ACC-00819,2027-01-01,2027-12-31,158561.62,14410
CTR-01089,ACC-00554,2027-01-01,2027-12-31,28522.23,2130
CTR-01090,ACC-00138,2027-01-01,2027-12-31,212497.41,17560
CTR-01091,ACC-00494,2027-01-01,2027-12-31,40662.37,3070
CTR-01092,ACC-00247,2027-01-01,2027-12-31,124874.58,10120
CTR-01093,ACC-00293,2027-01-01,2027-12-31,261905.09,17380
CTR-01094,ACC-00789,2027-01-01,2027-12-31,71587.94,4920
CTR-01095,ACC-00354,2027-01-01,2027-12-31,97591.44,7190
CTR-01096,ACC-00167,2027-01-01,2027-12-31,116175.64,9350
CTR-01097,ACC-00399,2027-01-01,2027-12-31,244723.12,19350
CTR-01098,ACC-00518,2027-01-01,2027-12-31,55317.14,4800
CTR-01099,ACC-00691,2027-01-01,2027-12-31,58317.41,4470
CTR-01100,ACC-00792,2027-01-01,2027-12-31,75107.43,6470
CTR-01101,ACC-00644,2027-01-01,2027-12-31,396906.26,35180
CTR-01102,ACC-00868,2027-01-01,2027-12-31,77970.25,6270
CTR-01103,ACC-00685,2027-01-01,2027-12-31,102046.52,7750
CTR-01104,ACC-00695,2027-01-01,2027-12-31,87066.74,5940
CTR-01105,ACC-00431,2027-01-01,2027-12-31,53270.88,4500
CTR-01106,ACC-00176,2027-01-01,2027-12-31,114754.55,7020
CTR-01107,ACC-00239,2027-01-01,2027-12-31,136759.96,10800
CTR-01108,ACC-00221,2027-01-01,2027-12-31,86921.67,5260
CTR-01109,ACC-00040,2027-01-01,2027-12-31,143538.87,12520
CTR-01110,ACC-00246,2027-01-01,2027-12-31,22131.17,1960
CTR-01111,ACC-00464,2027-01-01,2027-12-31,79426.16,6690
CTR-01112,ACC-00325,2027-01-01,2027-12-31,52422.75,3690
CTR-01113,ACC-00656,2027-01-01,2027-12-31,158201.43,10650
CTR-01114,ACC-00184,2027-01-01,2027-12-31,111667.25,9160
CTR-01115,ACC-00888,2027-01-01,2027-12-31,78654.61,6680
CTR-01116,ACC-00612,2027-01-01,2027-12-31,103910.98,7890
CTR-01117,ACC-00075,2027-01-01,2027-12-31,70808.58,6540
CTR-01118,ACC-00587,2027-01-01,2027-12-31,35402.73,2980
CTR-01119,ACC-00860,2027-01-01,2027-12-31,163049.28,11610
CTR-01120,ACC-00467,2027-01-01,2027-12-31,65014.21,4120
CTR-01121,ACC-00076,2027-01-01,2027-12-31,167778.27,14450
CTR-01122,ACC-00477,2027-01-01,2027-12-31,18579.46,1520
CTR-01123,ACC-00276,2027-01-01,2027-12-31,111343.41,7400
CTR-01124,ACC-00226,2027-01-01,2027-12-31,158780.04,15240
CTR-01125,ACC-00057,2027-01-01,2027-12-31,21575.61,1730
CTR-01126,ACC-00461,2027-01-01,2027-12-31,243329.47,17960
CTR-01127,ACC-00655,2027-01-01,2027-12-31,95632.99,6890
CTR-01128,ACC-00426,2027-01-01,2027-12-31,44341.55,2990
CTR-01129,ACC-00381,2027-01-01,2027-12-31,58132.64,3690
CTR-01130,ACC-00346,2027-01-01,2027-12-31,179489.93,14080
CTR-01131,ACC-00173,2027-01-01,2027-12-31,98285.69,8440
CTR-01132,ACC-00282,2027-01-01,2027-12-31,58979.87,4460
CTR-01133,ACC-00648,2027-01-01,2027-12-31,44980.01,3180
CTR-01134,ACC-00065,2027-01-01,2027-12-31,43118.44,2740
CTR-01135,ACC-00870,2027-01-01,2027-12-31,83238.07,7730
CTR-01136,ACC-00898,2027-01-01,2027-12-31,199031.32,11930
CTR-01137,ACC-00248,2027-01-01,2027-12-31,26569.78,2130
CTR-01138,ACC-00406,2027-01-01,2027-12-31,97619.73,8360
CTR-01139,ACC-00943,2027-01-01,2027-12-31,436694.36,36770
CTR-01140,ACC-00828,2027-01-01,2027-12-31,46727.15,4360
CTR-01141,ACC-00352,2027-01-01,2027-12-31,132746.1,9920
CTR-01142,ACC-00544,2027-01-01,2027-12-31,44324.98,3670
CTR-01143,ACC-00433,2027-01-01,2027-12-31,116762.84,7480
CTR-01144,ACC-00942,2027-01-01,2027-12-31,100554.38,8240
CTR-01145,ACC-00833,2027-01-01,2027-12-31,30697.26,2350
CTR-01146,ACC-00335,2027-01-01,2027-12-31,54584.9,4360
CTR-01147,ACC-00776,2027-01-01,2027-12-31,54573.19,4500
CTR-01148,ACC-00203,2027-01-01,2027-12-31,107921.94,9630
CTR-01149,ACC-00771,2027-01-01,2027-12-31,100183.81,9110
CTR-01150,ACC-00415,2027-01-01,2027-12-31,160590.84,13260
CTR-01151,ACC-00882,2026-06-24,2027-05-31,135205.03,14416
CTR-01152,ACC-00011,2026-06-25,2027-05-31,70660.27,6515
CTR-01153,ACC-00127,2026-06-21,2027-05-31,115602.47,10906
CTR-01154,ACC-00054,2026-06-01,2027-05-31,242244.69,16738
CTR-01155,ACC-00305,2026-06-11,2027-05-31,172112.38,11846
CTR-01156,ACC-00960,2026-06-08,2027-05-31,358953.48,34340
CTR-01157,ACC-00071,2026-06-27,2027-05-31,59142.64,3863
CTR-01158,ACC-00924,2026-06-20,2027-05-31,50792.97,4088
CTR-01159,ACC-00051,2026-06-11,2027-05-31,41982.79,4133
CTR-01160,ACC-00589,2026-06-05,2027-05-31,112071.53,11818
CTR-01161,ACC-00878,2026-06-27,2027-05-31,106478.49,7146
CTR-01162,ACC-00204,2026-06-03,2027-05-31,99449.26,6829
CTR-01163,ACC-00683,2026-06-13,2027-05-31,167768.72,10331
CTR-01164,ACC-00234,2026-06-08,2027-05-31,212854.3,15423
CTR-01165,ACC-00787,2026-06-18,2027-05-31,148601.93,12487
CTR-01166,ACC-00839,2026-06-03,2027-05-31,915035.4,50830
CTR-01167,ACC-00402,2026-06-23,2027-05-31,183706.23,9618
CTR-01168,ACC-00970,2026-06-20,2027-05-31,66925.86,4833
CTR-01169,ACC-00986,2026-06-03,2027-05-31,216879.99,10304
CTR-01170,ACC-00292,2026-06-19,2027-05-31,42200.56,4413
CTR-01171,ACC-00112,2026-06-14,2027-05-31,49998.11,4269
CTR-01172,ACC-00506,2026-06-27,2027-05-31,87929.21,5423
CTR-01173,ACC-00336,2026-06-23,2027-05-31,177953.3,16560
CTR-01174,ACC-00600,2026-06-27,2027-05-31,27712.28,1545
CTR-01175,ACC-00264,2026-06-16,2027-05-31,208179.17,13928
CTR-01176,ACC-00347,2026-06-07,2027-05-31,224167.64,23368
CTR-01177,ACC-00159,2026-06-10,2027-05-31,155100.39,9330
CTR-01178,ACC-00256,2026-06-06,2027-05-31,134957.5,10819
CTR-01179,ACC-00653,2026-06-10,2027-05-31,103818.22,6691
CTR-01180,ACC-00969,2026-06-15,2027-05-31,125030.3,7127
CTR-01181,ACC-00879,2026-06-22,2027-05-31,40082.41,2497
CTR-01182,ACC-00978,2026-06-16,2027-05-31,234101.43,21822
CTR-01183,ACC-00838,2026-06-23,2027-05-31,59382.91,3613
CTR-01184,ACC-00893,2026-06-13,2027-05-31,95027.66,8123
CTR-01185,ACC-00079,2026-06-09,2027-05-31,127252.02,13496
CTR-01186,ACC-00650,2026-06-02,2027-05-31,61572.48,4479
CTR-01187,ACC-00908,2026-06-12,2027-05-31,51643.16,3185
CTR-01188,ACC-00830,2026-06-26,2027-05-31,74075.22,5692
CTR-01189,ACC-00856,2026-06-02,2027-05-31,156478.38,14591
CTR-01190,ACC-00257,2026-06-13,2027-05-31,114138.92,9283
CTR-01191,ACC-00047,2026-06-12,2027-05-31,114818.33,13637
CTR-01192,ACC-00491,2026-06-02,2027-05-31,50072.26,3375
CTR-01193,ACC-00812,2026-06-17,2027-05-31,160092.97,10963
CTR-01194,ACC-00871,2026-06-15,2027-05-31,39984.5,3369
CTR-01195,ACC-00468,2026-06-17,2027-05-31,231424.33,18106
CTR-01196,ACC-00422,2026-06-11,2027-05-31,54071.38,4951
CTR-01197,ACC-00212,2026-06-28,2027-05-31,263883.42,16263
CTR-01198,ACC-00637,2026-06-12,2027-05-31,168033.94,10522
CTR-01199,ACC-00391,2026-06-09,2027-05-31,113053.48,10723
CTR-01200,ACC-00804,2026-06-09,2027-05-31,106847.91,7999
